{
"type": "FeatureCollection",
"name": "beneficiarios2",
"crs": { "type": "name", "properties": { "name": "urn:ogc:def:crs:OGC:1.3:CRS84" } },
"features": [
{ "type": "Feature", "properties": { "id": 3179, "b_Field2": "Proyecto Guaranda", "b_Field3": "2025/06/10", "b_Field4": "BOLIVAR", "b_Field5": "GUARANDA", "b_Field6": "GUANUJO", "b_Field7": "PACHACUTIK", "b_Field8": "Rural", "b_Field9": "Sí", "b_Field10": 24, "b_Field11": "No", "b_Field12": 20, "b_Field13": "3er. Año de Bachillerato (6to. Curso sistema anterior)", "b_Field14": 0, "b_Field15": null, "b_Field16": 0, "b_Field17": "No", "b_Field18": 0, "b_Field19": 0, "b_Field20": "No", "b_Field21": 52.6, "b_Field22": 146, "b_Field23": 25, "b_Field24": "Normal", "b_Field25": "No", "b_Field26": null, "b_Field27": "No", "b_Field28": "Ladrillo o bloque?", "b_Field29": "Tierra?", "b_Field30": "Por tubería, fuera de la vivienda pero dentro del edificio, lote o terreno?", "b_Field31": " Juntas de Agua/Organizaciones comunitarias/GAD parroquial?", "b_Field32": " Inodoro o escusado, conectado a pozo séptico?", "b_Field33": 2, "b_Field34": 2, "b_Field35": 0, "b_Field36": 0, "b_Field37": "GUILMER CHUCURI", "b_Field38": 18, "b_Field39": "3er. Año de Bachillerato (6to. Curso sistema anterior)", "b_Field40": "Sí", "b_Field41": " Indígena" }, "geometry": { "type": "Point", "coordinates": [ -78.94398399318689, -1.479228173811866 ] } },
{ "type": "Feature", "properties": { "id": 3181, "b_Field2": "Proyecto Guaranda", "b_Field3": "2025/06/10", "b_Field4": "BOLIVAR", "b_Field5": "GUARANDA", "b_Field6": "GUANUJO", "b_Field7": "PACHACUTIK", "b_Field8": "Rural", "b_Field9": "Sí", "b_Field10": 25, "b_Field11": "No", "b_Field12": 20, "b_Field13": "1ro. Año de Bachillerato (4to. Curso sistema anterior)", "b_Field14": 0, "b_Field15": null, "b_Field16": 0, "b_Field17": "No", "b_Field18": 0, "b_Field19": 0, "b_Field20": "No", "b_Field21": 53.8, "b_Field22": 152, "b_Field23": 23, "b_Field24": "Normal", "b_Field25": "No", "b_Field26": null, "b_Field27": "No", "b_Field28": "Ladrillo o bloque?", "b_Field29": "Ladrillo o cemento?", "b_Field30": "Por tubería, fuera de la vivienda pero dentro del edificio, lote o terreno?", "b_Field31": " Juntas de Agua/Organizaciones comunitarias/GAD parroquial?", "b_Field32": " Inodoro o escusado, conectado a pozo séptico?", "b_Field33": 2, "b_Field34": 1, "b_Field35": 0, "b_Field36": 0, "b_Field37": "ALEX FABIAN BAYAS ", "b_Field38": 22, "b_Field39": "3er. Año de Bachillerato (6to. Curso sistema anterior)", "b_Field40": "Sí", "b_Field41": " Indígena" }, "geometry": { "type": "Point", "coordinates": [ -78.959908326687426, -1.472377238522645 ] } },
{ "type": "Feature", "properties": { "id": 3195, "b_Field2": "Proyecto Guaranda", "b_Field3": "2025/06/25", "b_Field4": "BOLIVAR", "b_Field5": "GUARANDA", "b_Field6": "SIMIATUG", "b_Field7": "MINDINA", "b_Field8": "Rural", "b_Field9": "Sí", "b_Field10": 32, "b_Field11": "Sí", "b_Field12": 18, "b_Field13": "9no. Año de Educación General Básica – EGB (2do. Curso sistema anterior)", "b_Field14": 0, "b_Field15": null, "b_Field16": 0, "b_Field17": "No", "b_Field18": 0, "b_Field19": 0, "b_Field20": "No", "b_Field21": 56.0, "b_Field22": 140, "b_Field23": 29, "b_Field24": "Sobre peso", "b_Field25": "Sí", "b_Field26": "Bono Infancia con Futuro (1000 días)", "b_Field27": "No", "b_Field28": "Ladrillo o bloque?", "b_Field29": "Ladrillo o cemento?", "b_Field30": "Por tubería, fuera de la vivienda pero dentro del edificio, lote o terreno?", "b_Field31": " Juntas de Agua/Organizaciones comunitarias/GAD parroquial?", "b_Field32": " Letrina?", "b_Field33": 4, "b_Field34": 1, "b_Field35": 0, "b_Field36": 0, "b_Field37": "FRANCIZO POAQUIZA", "b_Field38": 68, "b_Field39": "5to. Año de Educación General Básica – EGB (4to. Grado sistema anterior)", "b_Field40": "Sí", "b_Field41": " Indígena" }, "geometry": { "type": "Point", "coordinates": [ -78.992314289354681, -1.284589093972172 ] } },
{ "type": "Feature", "properties": { "id": 3196, "b_Field2": "Proyecto Guaranda", "b_Field3": "2025/05/14", "b_Field4": "BOLIVAR", "b_Field5": "GUARANDA", "b_Field6": "SIMIATUG", "b_Field7": "GERRANA", "b_Field8": "Rural", "b_Field9": "Sí", "b_Field10": 7, "b_Field11": "No", "b_Field12": 17, "b_Field13": "9no. Año de Educación General Básica – EGB (2do. Curso sistema anterior)", "b_Field14": 0, "b_Field15": null, "b_Field16": 0, "b_Field17": "No", "b_Field18": 0, "b_Field19": 0, "b_Field20": "No", "b_Field21": 71.9, "b_Field22": 151, "b_Field23": 32, "b_Field24": "Obesidad", "b_Field25": "No", "b_Field26": null, "b_Field27": "No", "b_Field28": "Ladrillo o bloque?", "b_Field29": "Ladrillo o cemento?", "b_Field30": "Por tubería, fuera de la vivienda pero dentro del edificio, lote o terreno?", "b_Field31": " Juntas de Agua/Organizaciones comunitarias/GAD parroquial?", "b_Field32": " Inodoro o escusado, conectado a pozo séptico?", "b_Field33": 3, "b_Field34": 1, "b_Field35": 0, "b_Field36": 0, "b_Field37": "MARIA ROMELIA AUCATOMA", "b_Field38": 44, "b_Field39": "1er. Año de Educación General Básica – EGB (Jardín de Infantes)", "b_Field40": "No", "b_Field41": " Indígena" }, "geometry": { "type": "Point", "coordinates": [ -78.979205013395344, -1.283479100203041 ] } },
{ "type": "Feature", "properties": { "id": 3197, "b_Field2": "Proyecto Guaranda", "b_Field3": "2025/06/25", "b_Field4": "BOLIVAR", "b_Field5": "GUARANDA", "b_Field6": "SIMIATUG", "b_Field7": "COCHALOMA", "b_Field8": "Rural", "b_Field9": "Sí", "b_Field10": 18, "b_Field11": "No", "b_Field12": 22, "b_Field13": "1er. Año de Educación General Básica – EGB (Jardín de Infantes)", "b_Field14": 0, "b_Field15": null, "b_Field16": 0, "b_Field17": "No", "b_Field18": 0, "b_Field19": 0, "b_Field20": "No", "b_Field21": 51.0, "b_Field22": 155, "b_Field23": 21, "b_Field24": "Normal", "b_Field25": "No", "b_Field26": null, "b_Field27": "No", "b_Field28": "Adobe o tapia?", "b_Field29": "Tierra?", "b_Field30": "No recibe agua por tubería, sino por otros medios?", "b_Field31": " Otras fuentes (río, vertiente, acequia, canal, grieta o agua lluvia)?", "b_Field32": " Letrina?", "b_Field33": 5, "b_Field34": 2, "b_Field35": 1, "b_Field36": 1, "b_Field37": "PEDRO ANTONIO CAIZAGUANO", "b_Field38": 54, "b_Field39": "4to. Año de Educación General Básica – EGB (3er. Grado sistema anterior)", "b_Field40": "Sí", "b_Field41": " Indígena" }, "geometry": { "type": "Point", "coordinates": [ -79.012522556443997, -1.289003450801362 ] } },
{ "type": "Feature", "properties": { "id": 3206, "b_Field2": "Proyecto Guaranda", "b_Field3": "2025/06/25", "b_Field4": "BOLIVAR", "b_Field5": "GUARANDA", "b_Field6": "SIMIATUG", "b_Field7": "SIMIATUG CENTRO", "b_Field8": "Rural", "b_Field9": "Sí", "b_Field10": 18, "b_Field11": "Sí", "b_Field12": 35, "b_Field13": "3er. Año de Bachillerato (6to. Curso sistema anterior)", "b_Field14": 0, "b_Field15": null, "b_Field16": 0, "b_Field17": "No", "b_Field18": 1, "b_Field19": 0, "b_Field20": "No", "b_Field21": 50.0, "b_Field22": 151, "b_Field23": 22, "b_Field24": "Normal", "b_Field25": "Sí", "b_Field26": "Bono de Desarrollo Humano", "b_Field27": "Sí", "b_Field28": "Ladrillo o bloque?", "b_Field29": "Tabla sin tratar?", "b_Field30": "Por tubería, fuera de la vivienda pero dentro del edificio, lote o terreno?", "b_Field31": " Juntas de Agua/Organizaciones comunitarias/GAD parroquial?", "b_Field32": " Inodoro o escusado, conectado a pozo séptico?", "b_Field33": 3, "b_Field34": 1, "b_Field35": 1, "b_Field36": 1, "b_Field37": "MAYGUA IPATIA AYME CHIMBORAZO", "b_Field38": 35, "b_Field39": "3er. Año de Bachillerato (6to. Curso sistema anterior)", "b_Field40": "Sí", "b_Field41": " Indígena" }, "geometry": { "type": "Point", "coordinates": [ -78.999947707188042, -1.302738598245764 ] } },
{ "type": "Feature", "properties": { "id": 3207, "b_Field2": "Proyecto Guaranda", "b_Field3": "2025/06/25", "b_Field4": "BOLIVAR", "b_Field5": "GUARANDA", "b_Field6": "SIMIATUG", "b_Field7": "CUTAHUA", "b_Field8": "Rural", "b_Field9": "Sí", "b_Field10": 25, "b_Field11": "Sí", "b_Field12": 36, "b_Field13": "4to. Año de Educación General Básica – EGB (3er. Grado sistema anterior)", "b_Field14": 0, "b_Field15": null, "b_Field16": 0, "b_Field17": "No", "b_Field18": 4, "b_Field19": 0, "b_Field20": "No", "b_Field21": 65.0, "b_Field22": 150, "b_Field23": 29, "b_Field24": "Sobre peso", "b_Field25": "Sí", "b_Field26": "Bono de Desarrollo Humano Variable", "b_Field27": "No", "b_Field28": "Ladrillo o bloque?", "b_Field29": "Ladrillo o cemento?", "b_Field30": "Por tubería, fuera de la vivienda pero dentro del edificio, lote o terreno?", "b_Field31": " Juntas de Agua/Organizaciones comunitarias/GAD parroquial?", "b_Field32": " Inodoro o escusado, conectado a pozo séptico?", "b_Field33": 6, "b_Field34": 3, "b_Field35": 2, "b_Field36": 2, "b_Field37": "ANGEL CHIMBORAZO", "b_Field38": 35, "b_Field39": "7mo. Año de Educación General Básica – EGB (6to. Grado sistema anterior)", "b_Field40": "Sí", "b_Field41": " Indígena" }, "geometry": { "type": "Point", "coordinates": [ -78.981955073936973, -1.259290246787859 ] } },
{ "type": "Feature", "properties": { "id": 3208, "b_Field2": "Proyecto Guaranda", "b_Field3": "2025/06/25", "b_Field4": "BOLIVAR", "b_Field5": "GUARANDA", "b_Field6": "SIMIATUG", "b_Field7": "INGAPIRCA", "b_Field8": "Rural", "b_Field9": "Sí", "b_Field10": 26, "b_Field11": "No", "b_Field12": 18, "b_Field13": "7mo. Año de Educación General Básica – EGB (6to. Grado sistema anterior)", "b_Field14": 0, "b_Field15": null, "b_Field16": 0, "b_Field17": "No", "b_Field18": 0, "b_Field19": 0, "b_Field20": "No", "b_Field21": 53.0, "b_Field22": 152, "b_Field23": 23, "b_Field24": "Normal", "b_Field25": "No", "b_Field26": null, "b_Field27": "No", "b_Field28": "Ladrillo o bloque?", "b_Field29": "Tierra?", "b_Field30": "No recibe agua por tubería, sino por otros medios?", "b_Field31": " Otras fuentes (río, vertiente, acequia, canal, grieta o agua lluvia)?", "b_Field32": " Letrina?", "b_Field33": 6, "b_Field34": 1, "b_Field35": 0, "b_Field36": 0, "b_Field37": "JORGE ARMANDO CHICAIZA DE LA CRUZ", "b_Field38": 41, "b_Field39": "7mo. Año de Educación General Básica – EGB (6to. Grado sistema anterior)", "b_Field40": "Sí", "b_Field41": " Indígena" }, "geometry": { "type": "Point", "coordinates": [ -78.961734966489928, -1.270819986718716 ] } },
{ "type": "Feature", "properties": { "id": 3210, "b_Field2": "Proyecto Guaranda", "b_Field3": "2025/05/21", "b_Field4": "BOLIVAR", "b_Field5": "GUARANDA", "b_Field6": "SIMIATUG", "b_Field7": "CUTAHUA", "b_Field8": "Rural", "b_Field9": "Sí", "b_Field10": 20, "b_Field11": "Sí", "b_Field12": 28, "b_Field13": "7mo. Año de Educación General Básica – EGB (6to. Grado sistema anterior)", "b_Field14": 1, "b_Field15": "Otro pariente", "b_Field16": 0, "b_Field17": "No", "b_Field18": 0, "b_Field19": 0, "b_Field20": "No", "b_Field21": 50.5, "b_Field22": 140, "b_Field23": 26, "b_Field24": "Sobre peso", "b_Field25": "Sí", "b_Field26": "Bono de Desarrollo Humano", "b_Field27": "Sí", "b_Field28": "Madera?", "b_Field29": "Tierra?", "b_Field30": "No recibe agua por tubería, sino por otros medios?", "b_Field31": " Otras fuentes (río, vertiente, acequia, canal, grieta o agua lluvia)?", "b_Field32": " No tiene", "b_Field33": 2, "b_Field34": 1, "b_Field35": 0, "b_Field36": 0, "b_Field37": "MARIA ALEJANDRA TIXILEMA CAIZA", "b_Field38": 28, "b_Field39": "7mo. Año de Educación General Básica – EGB (6to. Grado sistema anterior)", "b_Field40": "Sí", "b_Field41": " Indígena" }, "geometry": { "type": "Point", "coordinates": [ -78.94478348651306, -1.293347589618282 ] } },
{ "type": "Feature", "properties": { "id": 3211, "b_Field2": "Proyecto Guaranda", "b_Field3": "2025/05/20", "b_Field4": "BOLIVAR", "b_Field5": "GUARANDA", "b_Field6": "GUANUJO", "b_Field7": "SAN MIGUELITO", "b_Field8": "Urbano", "b_Field9": "Sí", "b_Field10": 21, "b_Field11": "Sí", "b_Field12": 39, "b_Field13": "10mo. Año de Educación General Básica – EGB (3er. Curso sistema anterior)", "b_Field14": 0, "b_Field15": null, "b_Field16": 0, "b_Field17": "No", "b_Field18": 3, "b_Field19": 0, "b_Field20": "No", "b_Field21": 67.9, "b_Field22": 141, "b_Field23": 34, "b_Field24": "Obesidad", "b_Field25": "Sí", "b_Field26": "Bono de Desarrollo Humano", "b_Field27": "Sí", "b_Field28": "Ladrillo o bloque?", "b_Field29": "Tabla sin tratar?", "b_Field30": "Por tubería, fuera de la vivienda pero dentro del edificio, lote o terreno?", "b_Field31": " Juntas de Agua/Organizaciones comunitarias/GAD parroquial?", "b_Field32": " Inodoro o escusado, conectado a pozo séptico?", "b_Field33": 5, "b_Field34": 2, "b_Field35": 0, "b_Field36": 0, "b_Field37": "MARIA LOLA MANOBANDA SISALEMA", "b_Field38": 39, "b_Field39": "10mo. Año de Educación General Básica – EGB (3er. Curso sistema anterior)", "b_Field40": "Sí", "b_Field41": " Indígena" }, "geometry": { "type": "Point", "coordinates": [ -78.916662196235976, -1.515246613865794 ] } },
{ "type": "Feature", "properties": { "id": 3212, "b_Field2": "Proyecto Guaranda", "b_Field3": "2025/05/14", "b_Field4": "BOLIVAR", "b_Field5": "GUARANDA", "b_Field6": "SIMIATUG", "b_Field7": "PIMBALO", "b_Field8": "Rural", "b_Field9": "Sí", "b_Field10": 11, "b_Field11": "No", "b_Field12": 16, "b_Field13": "8vo. Año de Educación General Básica – EGB (1er. Curso sistema anterior)", "b_Field14": 0, "b_Field15": null, "b_Field16": 0, "b_Field17": "No", "b_Field18": 0, "b_Field19": 0, "b_Field20": "No", "b_Field21": 46.9, "b_Field22": 146, "b_Field23": 22, "b_Field24": "Normal", "b_Field25": "No", "b_Field26": null, "b_Field27": "No", "b_Field28": "Adobe o tapia?", "b_Field29": "Tierra?", "b_Field30": "No recibe agua por tubería, sino por otros medios?", "b_Field31": " Otras fuentes (río, vertiente, acequia, canal, grieta o agua lluvia)?", "b_Field32": " Letrina?", "b_Field33": 5, "b_Field34": 2, "b_Field35": 0, "b_Field36": 0, "b_Field37": "RAUL JESUS MASABANDA CHANAGUANO", "b_Field38": 43, "b_Field39": "3er. Año de Bachillerato (6to. Curso sistema anterior)", "b_Field40": "Sí", "b_Field41": " Indígena" }, "geometry": { "type": "Point", "coordinates": [ -79.02714910072568, -1.270871120584514 ] } },
{ "type": "Feature", "properties": { "id": 3213, "b_Field2": "Proyecto Guaranda", "b_Field3": "2025/05/14", "b_Field4": "BOLIVAR", "b_Field5": "GUARANDA", "b_Field6": "SIMIATUG", "b_Field7": "YATALÓ", "b_Field8": "Rural", "b_Field9": "Sí", "b_Field10": 16, "b_Field11": "Sí", "b_Field12": 27, "b_Field13": "4to. Año de Educación General Básica – EGB (3er. Grado sistema anterior)", "b_Field14": 0, "b_Field15": null, "b_Field16": 0, "b_Field17": "No", "b_Field18": 1, "b_Field19": 0, "b_Field20": "No", "b_Field21": 59.5, "b_Field22": 160, "b_Field23": 23, "b_Field24": "Normal", "b_Field25": "Sí", "b_Field26": "Bono de Desarrollo Humano", "b_Field27": "Sí", "b_Field28": "Adobe o tapia?", "b_Field29": "Tierra?", "b_Field30": "No recibe agua por tubería, sino por otros medios?", "b_Field31": " Otras fuentes (río, vertiente, acequia, canal, grieta o agua lluvia)?", "b_Field32": " No tiene", "b_Field33": 3, "b_Field34": 1, "b_Field35": 1, "b_Field36": 1, "b_Field37": "MIRIAN JANETH AZOGUE AZOGUE", "b_Field38": 27, "b_Field39": "4to. Año de Educación General Básica – EGB (3er. Grado sistema anterior)", "b_Field40": "Sí", "b_Field41": " Indígena" }, "geometry": { "type": "Point", "coordinates": [ -79.027676409344465, -1.295613051579876 ] } },
{ "type": "Feature", "properties": { "id": 3214, "b_Field2": "Proyecto Guaranda", "b_Field3": "2025/05/20", "b_Field4": "BOLIVAR", "b_Field5": "GUARANDA", "b_Field6": "GUANUJO", "b_Field7": "PALMALOMA", "b_Field8": "Rural", "b_Field9": "Sí", "b_Field10": 23, "b_Field11": "Sí", "b_Field12": 42, "b_Field13": "7mo. Año de Educación General Básica – EGB (6to. Grado sistema anterior)", "b_Field14": 0, "b_Field15": null, "b_Field16": 0, "b_Field17": "No", "b_Field18": 2, "b_Field19": 2, "b_Field20": "No", "b_Field21": 76.8, "b_Field22": 158, "b_Field23": 31, "b_Field24": "Obesidad", "b_Field25": "Sí", "b_Field26": "Bono de Desarrollo Humano", "b_Field27": "No", "b_Field28": "Ladrillo o bloque?", "b_Field29": "Tierra?", "b_Field30": "Por tubería, fuera de la vivienda pero dentro del edificio, lote o terreno?", "b_Field31": " Otras fuentes (río, vertiente, acequia, canal, grieta o agua lluvia)?", "b_Field32": " Inodoro o escusado, conectado a pozo séptico?", "b_Field33": 6, "b_Field34": 2, "b_Field35": 2, "b_Field36": 2, "b_Field37": "LUCAS DIONICIO CRUZ AMADOR", "b_Field38": 39, "b_Field39": "7mo. Año de Educación General Básica – EGB (6to. Grado sistema anterior)", "b_Field40": "Sí", "b_Field41": " Indígena" }, "geometry": { "type": "Point", "coordinates": [ -78.924071649734401, -1.495229185391813 ] } },
{ "type": "Feature", "properties": { "id": 3215, "b_Field2": "Proyecto Guaranda", "b_Field3": "2025/05/14", "b_Field4": "BOLIVAR", "b_Field5": "GUARANDA", "b_Field6": "SIMIATUG", "b_Field7": "YATALÓ", "b_Field8": "Rural", "b_Field9": "Sí", "b_Field10": 20, "b_Field11": "No", "b_Field12": 17, "b_Field13": "3er. Año de Bachillerato (6to. Curso sistema anterior)", "b_Field14": 0, "b_Field15": null, "b_Field16": 0, "b_Field17": "No", "b_Field18": 0, "b_Field19": 0, "b_Field20": "No", "b_Field21": 47.0, "b_Field22": 144, "b_Field23": 23, "b_Field24": "Normal", "b_Field25": "No", "b_Field26": null, "b_Field27": "No", "b_Field28": "Ladrillo o bloque?", "b_Field29": "Tierra?", "b_Field30": "Por tubería, fuera de la vivienda pero dentro del edificio, lote o terreno?", "b_Field31": " Juntas de Agua/Organizaciones comunitarias/GAD parroquial?", "b_Field32": " Inodoro o escusado, conectado a pozo séptico?", "b_Field33": 6, "b_Field34": 1, "b_Field35": 1, "b_Field36": 1, "b_Field37": "LUIS ENRIQUE AUCATOMA AZOGUE", "b_Field38": 41, "b_Field39": "3er. Año de Bachillerato (6to. Curso sistema anterior)", "b_Field40": "Sí", "b_Field41": " Indígena" }, "geometry": { "type": "Point", "coordinates": [ -79.015684648533096, -1.2615155476887 ] } },
{ "type": "Feature", "properties": { "id": 3216, "b_Field2": "Proyecto Guaranda", "b_Field3": "2025/05/14", "b_Field4": "BOLIVAR", "b_Field5": "GUARANDA", "b_Field6": "SIMIATUG", "b_Field7": "GUANGULIQUIN", "b_Field8": "Rural", "b_Field9": "Sí", "b_Field10": 13, "b_Field11": "Sí", "b_Field12": 39, "b_Field13": "3er. Año de Bachillerato (6to. Curso sistema anterior)", "b_Field14": 0, "b_Field15": null, "b_Field16": 0, "b_Field17": "No", "b_Field18": 2, "b_Field19": 0, "b_Field20": "Sí", "b_Field21": 59.8, "b_Field22": 140, "b_Field23": 31, "b_Field24": "Obesidad", "b_Field25": "Sí", "b_Field26": "Bono de Desarrollo Humano", "b_Field27": "No", "b_Field28": "Adobe o tapia?", "b_Field29": "Tierra?", "b_Field30": "Por tubería, dentro de la vivienda?", "b_Field31": " Juntas de Agua/Organizaciones comunitarias/GAD parroquial?", "b_Field32": " Inodoro o escusado, conectado a pozo séptico?", "b_Field33": 4, "b_Field34": 1, "b_Field35": 1, "b_Field36": 1, "b_Field37": "WALTER CAIZA", "b_Field38": 42, "b_Field39": "3er. Año de Bachillerato (6to. Curso sistema anterior)", "b_Field40": "Sí", "b_Field41": " Indígena" }, "geometry": { "type": "Point", "coordinates": [ -79.013462626579795, -1.309347043712676 ] } },
{ "type": "Feature", "properties": { "id": 3220, "b_Field2": "Proyecto Guaranda", "b_Field3": "2025/05/20", "b_Field4": "BOLIVAR", "b_Field5": "GUARANDA", "b_Field6": "GUANUJO", "b_Field7": "SAN MIGUELITO", "b_Field8": "Rural", "b_Field9": "Sí", "b_Field10": 6, "b_Field11": "No", "b_Field12": 20, "b_Field13": "3er. Año de Bachillerato (6to. Curso sistema anterior)", "b_Field14": 0, "b_Field15": null, "b_Field16": 0, "b_Field17": "No", "b_Field18": 1, "b_Field19": 0, "b_Field20": "No", "b_Field21": 45.1, "b_Field22": 149, "b_Field23": 20, "b_Field24": "Normal", "b_Field25": "No", "b_Field26": null, "b_Field27": "No", "b_Field28": "Adobe o tapia?", "b_Field29": "Tierra?", "b_Field30": "Por tubería, dentro de la vivienda?", "b_Field31": " Juntas de Agua/Organizaciones comunitarias/GAD parroquial?", "b_Field32": " Inodoro o escusado, conectado a pozo séptico?", "b_Field33": 5, "b_Field34": 2, "b_Field35": 0, "b_Field36": 0, "b_Field37": "ANGEL DANILO SALAZAR CANDO", "b_Field38": 21, "b_Field39": "10mo. Año de Educación General Básica – EGB (3er. Curso sistema anterior)", "b_Field40": "Sí", "b_Field41": " Mestiza" }, "geometry": { "type": "Point", "coordinates": [ -78.933194660407594, -1.466058989579649 ] } },
{ "type": "Feature", "properties": { "id": 3224, "b_Field2": "Proyecto Guaranda", "b_Field3": "2025/05/26", "b_Field4": "BOLIVAR", "b_Field5": "GUARANDA", "b_Field6": "GUANUJO", "b_Field7": "IVILLIGAHUA", "b_Field8": "Rural", "b_Field9": "Sí", "b_Field10": 18, "b_Field11": "No", "b_Field12": 34, "b_Field13": "7mo. Año de Educación General Básica – EGB (6to. Grado sistema anterior)", "b_Field14": 0, "b_Field15": null, "b_Field16": 0, "b_Field17": "No", "b_Field18": 1, "b_Field19": 0, "b_Field20": "No", "b_Field21": 73.4, "b_Field22": 155, "b_Field23": 31, "b_Field24": "Obesidad", "b_Field25": "No", "b_Field26": null, "b_Field27": "Sí", "b_Field28": "Ladrillo o bloque?", "b_Field29": "Tierra?", "b_Field30": "Por tubería, fuera de la vivienda pero dentro del edificio, lote o terreno?", "b_Field31": " Juntas de Agua/Organizaciones comunitarias/GAD parroquial?", "b_Field32": " Inodoro o escusado, conectado a pozo séptico?", "b_Field33": 2, "b_Field34": 1, "b_Field35": 1, "b_Field36": 1, "b_Field37": "MARIA ANGELICA CASPI SISA", "b_Field38": 34, "b_Field39": "7mo. Año de Educación General Básica – EGB (6to. Grado sistema anterior)", "b_Field40": "Sí", "b_Field41": " Indígena" }, "geometry": { "type": "Point", "coordinates": [ -78.916696237888004, -1.479202554473771 ] } },
{ "type": "Feature", "properties": { "id": 3228, "b_Field2": "Proyecto Guaranda", "b_Field3": "2025/05/26", "b_Field4": "BOLIVAR", "b_Field5": "GUARANDA", "b_Field6": "GUANUJO", "b_Field7": "SAN FRANCISCO", "b_Field8": "Rural", "b_Field9": "Sí", "b_Field10": 12, "b_Field11": "Sí", "b_Field12": 18, "b_Field13": "2do. Año de Bachillerato (5to. Curso sistema anterior)", "b_Field14": 0, "b_Field15": null, "b_Field16": 0, "b_Field17": "No", "b_Field18": 0, "b_Field19": 0, "b_Field20": "No", "b_Field21": 46.0, "b_Field22": 145, "b_Field23": 22, "b_Field24": "Normal", "b_Field25": "Sí", "b_Field26": "Bono Infancia con Futuro (1000 días)", "b_Field27": "No", "b_Field28": "Ladrillo o bloque?", "b_Field29": "Tierra?", "b_Field30": "Por tubería, fuera de la vivienda pero dentro del edificio, lote o terreno?", "b_Field31": " Juntas de Agua/Organizaciones comunitarias/GAD parroquial?", "b_Field32": " Inodoro o escusado, conectado a pozo séptico?", "b_Field33": 7, "b_Field34": 1, "b_Field35": 0, "b_Field36": 0, "b_Field37": "SEGUNDO NICOLAS BRITO", "b_Field38": 42, "b_Field39": "1er. Año de Educación General Básica – EGB (Jardín de Infantes)", "b_Field40": "Sí", "b_Field41": " Mestiza" }, "geometry": { "type": "Point", "coordinates": [ -78.924681450034001, -1.450603511104893 ] } },
{ "type": "Feature", "properties": { "id": 3229, "b_Field2": "Proyecto Guaranda", "b_Field3": "2025/05/26", "b_Field4": "BOLIVAR", "b_Field5": "GUARANDA", "b_Field6": "GUANUJO", "b_Field7": "IVILLIGAHUA", "b_Field8": "Rural", "b_Field9": "Sí", "b_Field10": 20, "b_Field11": "Sí", "b_Field12": 18, "b_Field13": "1ro. Año de Bachillerato (4to. Curso sistema anterior)", "b_Field14": 2, "b_Field15": "Otro pariente", "b_Field16": 80, "b_Field17": "Sí", "b_Field18": 0, "b_Field19": 0, "b_Field20": "No", "b_Field21": 58.0, "b_Field22": 150, "b_Field23": 26, "b_Field24": "Sobre peso", "b_Field25": "Sí", "b_Field26": "Bono Infancia con Futuro (1000 días)", "b_Field27": "No", "b_Field28": "Ladrillo o bloque?", "b_Field29": "Ladrillo o cemento?", "b_Field30": "Por tubería, fuera de la vivienda pero dentro del edificio, lote o terreno?", "b_Field31": " Juntas de Agua/Organizaciones comunitarias/GAD parroquial?", "b_Field32": " Inodoro o escusado, conectado a pozo séptico?", "b_Field33": 6, "b_Field34": 3, "b_Field35": 0, "b_Field36": 0, "b_Field37": "SEGUNDO CUNALATA", "b_Field38": 49, "b_Field39": "3er. Año de Bachillerato (6to. Curso sistema anterior)", "b_Field40": "Sí", "b_Field41": " Indígena" }, "geometry": { "type": "Point", "coordinates": [ -78.910457771638235, -1.463177114022259 ] } },
{ "type": "Feature", "properties": { "id": 3230, "b_Field2": "Proyecto Guaranda", "b_Field3": "2025/05/27", "b_Field4": "BOLIVAR", "b_Field5": "GUARANDA", "b_Field6": "GUANUJO", "b_Field7": "NUEVO GUANUJO", "b_Field8": "Urbano", "b_Field9": "Sí", "b_Field10": 20, "b_Field11": "No", "b_Field12": 20, "b_Field13": "3er. Año de Bachillerato (6to. Curso sistema anterior)", "b_Field14": 0, "b_Field15": null, "b_Field16": 0, "b_Field17": "No", "b_Field18": 0, "b_Field19": 0, "b_Field20": "Sí", "b_Field21": 48.6, "b_Field22": 156, "b_Field23": 20, "b_Field24": "Normal", "b_Field25": "No", "b_Field26": null, "b_Field27": "No", "b_Field28": "Ladrillo o bloque?", "b_Field29": "Cerámica, baldosa, vinil o porcelanato?", "b_Field30": "Por tubería, dentro de la vivienda?", "b_Field31": " Juntas de Agua/Organizaciones comunitarias/GAD parroquial?", "b_Field32": " Inodoro o escusado, conectado a red pública de alcantarillado?", "b_Field33": 2, "b_Field34": 1, "b_Field35": 0, "b_Field36": 0, "b_Field37": "ANIBAL GUAMAN CHIMBORAZO", "b_Field38": 26, "b_Field39": "3er. Año de Bachillerato (6to. Curso sistema anterior)", "b_Field40": "No", "b_Field41": " Mestiza" }, "geometry": { "type": "Point", "coordinates": [ -78.956482634092666, -1.488394081955742 ] } },
{ "type": "Feature", "properties": { "id": 3231, "b_Field2": "Proyecto Guaranda", "b_Field3": "2025/06/09", "b_Field4": "BOLIVAR", "b_Field5": "GUARANDA", "b_Field6": "GUANUJO", "b_Field7": "BARRIO UNIVERSITARIO", "b_Field8": "Urbano", "b_Field9": "Sí", "b_Field10": 20, "b_Field11": "No", "b_Field12": 27, "b_Field13": "3er. Año de Bachillerato (6to. Curso sistema anterior)", "b_Field14": 0, "b_Field15": null, "b_Field16": 0, "b_Field17": "No", "b_Field18": 0, "b_Field19": 0, "b_Field20": "No", "b_Field21": 56.4, "b_Field22": 156, "b_Field23": 23, "b_Field24": "Normal", "b_Field25": "No", "b_Field26": null, "b_Field27": "No", "b_Field28": "Madera?", "b_Field29": "Tabla sin tratar?", "b_Field30": "Por tubería, fuera de la vivienda pero dentro del edificio, lote o terreno?", "b_Field31": " Juntas de Agua/Organizaciones comunitarias/GAD parroquial?", "b_Field32": " Inodoro o escusado, conectado a pozo séptico?", "b_Field33": 3, "b_Field34": 2, "b_Field35": 0, "b_Field36": 0, "b_Field37": "MARIA AGUSTINA TAYO", "b_Field38": 63, "b_Field39": "7mo. Año de Educación General Básica – EGB (6to. Grado sistema anterior)", "b_Field40": "Sí", "b_Field41": " Mestiza" }, "geometry": { "type": "Point", "coordinates": [ -78.937717232284868, -1.49352572350972 ] } },
{ "type": "Feature", "properties": { "id": 3232, "b_Field2": "Proyecto Guaranda", "b_Field3": "2025/06/09", "b_Field4": "BOLIVAR", "b_Field5": "GUARANDA", "b_Field6": "GUANUJO", "b_Field7": "BARRIO EL COMPLEJO", "b_Field8": "Urbano", "b_Field9": "Sí", "b_Field10": 20, "b_Field11": "Sí", "b_Field12": 21, "b_Field13": "10mo. Año de Educación General Básica – EGB (3er. Curso sistema anterior)", "b_Field14": 0, "b_Field15": null, "b_Field16": 0, "b_Field17": "No", "b_Field18": 0, "b_Field19": 1, "b_Field20": "No", "b_Field21": 42.8, "b_Field22": 145, "b_Field23": 20, "b_Field24": "Normal", "b_Field25": "Sí", "b_Field26": "Bono Infancia con Futuro (1000 días)", "b_Field27": "No", "b_Field28": "Ladrillo o bloque?", "b_Field29": "Tabla sin tratar?", "b_Field30": "Por tubería, fuera de la vivienda pero dentro del edificio, lote o terreno?", "b_Field31": " Juntas de Agua/Organizaciones comunitarias/GAD parroquial?", "b_Field32": " Inodoro o escusado, conectado a pozo séptico?", "b_Field33": 3, "b_Field34": 1, "b_Field35": 0, "b_Field36": 0, "b_Field37": "RUSBEL CHACHA", "b_Field38": 25, "b_Field39": "3er. Año de Bachillerato (6to. Curso sistema anterior)", "b_Field40": "Sí", "b_Field41": " Indígena" }, "geometry": { "type": "Point", "coordinates": [ -78.889942407496605, -1.515792700036602 ] } },
{ "type": "Feature", "properties": { "id": 3233, "b_Field2": "Proyecto Guaranda", "b_Field3": "2025/06/09", "b_Field4": "BOLIVAR", "b_Field5": "GUARANDA", "b_Field6": "GUANUJO", "b_Field7": "ILLUVI", "b_Field8": "Rural", "b_Field9": "Sí", "b_Field10": 12, "b_Field11": "Sí", "b_Field12": 25, "b_Field13": "3er. Año de Bachillerato (6to. Curso sistema anterior)", "b_Field14": 0, "b_Field15": null, "b_Field16": 0, "b_Field17": "No", "b_Field18": 1, "b_Field19": 0, "b_Field20": "No", "b_Field21": 47.6, "b_Field22": 140, "b_Field23": 24, "b_Field24": "Normal", "b_Field25": "Sí", "b_Field26": "Bono de Desarrollo Humano Variable", "b_Field27": "Sí", "b_Field28": "Madera?", "b_Field29": "Tierra?", "b_Field30": "Por tubería, fuera de la vivienda pero dentro del edificio, lote o terreno?", "b_Field31": " Juntas de Agua/Organizaciones comunitarias/GAD parroquial?", "b_Field32": " Inodoro o escusado, conectado a pozo séptico?", "b_Field33": 2, "b_Field34": 1, "b_Field35": 0, "b_Field36": 0, "b_Field37": "SILVIA PATRICIA QUINGAGUANO QUINGAGUANO", "b_Field38": 25, "b_Field39": "3er. Año de Bachillerato (6to. Curso sistema anterior)", "b_Field40": "No", "b_Field41": " Indígena" }, "geometry": { "type": "Point", "coordinates": [ -78.936564122277119, -1.510688703496914 ] } },
{ "type": "Feature", "properties": { "id": 3234, "b_Field2": "Proyecto Guaranda", "b_Field3": "2025/06/09", "b_Field4": "BOLIVAR", "b_Field5": "GUARANDA", "b_Field6": "GUANUJO", "b_Field7": "BARRIO MANTILLA", "b_Field8": "Urbano", "b_Field9": "Sí", "b_Field10": 20, "b_Field11": "No", "b_Field12": 29, "b_Field13": "3er. Año de Bachillerato (6to. Curso sistema anterior)", "b_Field14": 0, "b_Field15": null, "b_Field16": 0, "b_Field17": "No", "b_Field18": 1, "b_Field19": 0, "b_Field20": "No", "b_Field21": 59.0, "b_Field22": 146, "b_Field23": 28, "b_Field24": "Sobre peso", "b_Field25": "No", "b_Field26": null, "b_Field27": "Sí", "b_Field28": "Ladrillo o bloque?", "b_Field29": "Tabla sin tratar?", "b_Field30": "Por tubería, fuera de la vivienda pero dentro del edificio, lote o terreno?", "b_Field31": " Juntas de Agua/Organizaciones comunitarias/GAD parroquial?", "b_Field32": " Inodoro o escusado, conectado a red pública de alcantarillado?", "b_Field33": 3, "b_Field34": 1, "b_Field35": 1, "b_Field36": 1, "b_Field37": "BELGICA  MARGOTH BORJA ULLOA", "b_Field38": 29, "b_Field39": "3er. Año de Bachillerato (6to. Curso sistema anterior)", "b_Field40": "Sí", "b_Field41": " Mestiza" }, "geometry": { "type": "Point", "coordinates": [ -78.93662693303682, -1.442604604965275 ] } },
{ "type": "Feature", "properties": { "id": 3236, "b_Field2": "Proyecto Guaranda", "b_Field3": "2025/05/14", "b_Field4": "BOLIVAR", "b_Field5": "GUARANDA", "b_Field6": "SIMIATUG", "b_Field7": "COCHA COLORADA", "b_Field8": "Rural", "b_Field9": "Sí", "b_Field10": 20, "b_Field11": "No", "b_Field12": 30, "b_Field13": "2do. Año de Bachillerato (5to. Curso sistema anterior)", "b_Field14": 0, "b_Field15": null, "b_Field16": 0, "b_Field17": "No", "b_Field18": 0, "b_Field19": 0, "b_Field20": "No", "b_Field21": 63.0, "b_Field22": 151, "b_Field23": 28, "b_Field24": "Sobre peso", "b_Field25": "No", "b_Field26": null, "b_Field27": "No", "b_Field28": "Adobe o tapia?", "b_Field29": "Tierra?", "b_Field30": "Por tubería, dentro de la vivienda?", "b_Field31": " Juntas de Agua/Organizaciones comunitarias/GAD parroquial?", "b_Field32": " Inodoro o escusado, conectado a pozo séptico?", "b_Field33": 6, "b_Field34": 3, "b_Field35": 0, "b_Field36": 0, "b_Field37": "LUIS ALFONSO CHISAG YANCHALIQUIN", "b_Field38": 51, "b_Field39": "3er. Año de Bachillerato (6to. Curso sistema anterior)", "b_Field40": "Sí", "b_Field41": " Indígena" }, "geometry": { "type": "Point", "coordinates": [ -78.993791309960088, -1.31647867662367 ] } },
{ "type": "Feature", "properties": { "id": 3237, "b_Field2": "Proyecto Guaranda", "b_Field3": "2025/06/16", "b_Field4": "BOLIVAR", "b_Field5": "GUARANDA", "b_Field6": "GUANUJO", "b_Field7": "CAPILLUCO", "b_Field8": "Rural", "b_Field9": "Sí", "b_Field10": 16, "b_Field11": "Sí", "b_Field12": 23, "b_Field13": "1ro. Año de Bachillerato (4to. Curso sistema anterior)", "b_Field14": 0, "b_Field15": null, "b_Field16": 0, "b_Field17": "No", "b_Field18": 1, "b_Field19": 0, "b_Field20": "No", "b_Field21": 46.5, "b_Field22": 141, "b_Field23": 23, "b_Field24": "Normal", "b_Field25": "Sí", "b_Field26": "Bono de Desarrollo Humano", "b_Field27": "Sí", "b_Field28": "Ladrillo o bloque?", "b_Field29": "Ladrillo o cemento?", "b_Field30": "Por tubería, fuera de la vivienda pero dentro del edificio, lote o terreno?", "b_Field31": " Juntas de Agua/Organizaciones comunitarias/GAD parroquial?", "b_Field32": " Letrina?", "b_Field33": 3, "b_Field34": 2, "b_Field35": 1, "b_Field36": 1, "b_Field37": "MARIA ISABEL QUINGAGUANO QUINGAGUANO", "b_Field38": 26, "b_Field39": "1ro. Año de Bachillerato (4to. Curso sistema anterior)", "b_Field40": "No", "b_Field41": " Indígena" }, "geometry": { "type": "Point", "coordinates": [ -78.960495939670494, -1.451208435550406 ] } },
{ "type": "Feature", "properties": { "id": 3239, "b_Field2": "Proyecto Guaranda", "b_Field3": "2025/06/16", "b_Field4": "BOLIVAR", "b_Field5": "GUARANDA", "b_Field6": "GUANUJO", "b_Field7": "CHAQUISCA", "b_Field8": "Rural", "b_Field9": "Sí", "b_Field10": 4, "b_Field11": "No", "b_Field12": 26, "b_Field13": "10mo. Año de Educación General Básica – EGB (3er. Curso sistema anterior)", "b_Field14": 0, "b_Field15": null, "b_Field16": 0, "b_Field17": "No", "b_Field18": 0, "b_Field19": 2, "b_Field20": "No", "b_Field21": 71.6, "b_Field22": 145, "b_Field23": 34, "b_Field24": "Obesidad", "b_Field25": "No", "b_Field26": null, "b_Field27": "No", "b_Field28": "Ladrillo o bloque?", "b_Field29": "Tierra?", "b_Field30": "Por tubería, fuera de la vivienda pero dentro del edificio, lote o terreno?", "b_Field31": " Juntas de Agua/Organizaciones comunitarias/GAD parroquial?", "b_Field32": " Inodoro o escusado, conectado a pozo séptico?", "b_Field33": 4, "b_Field34": 2, "b_Field35": 2, "b_Field36": 2, "b_Field37": "JONATHAN MALIZA", "b_Field38": 30, "b_Field39": "7mo. Año de Educación General Básica – EGB (6to. Grado sistema anterior)", "b_Field40": "Sí", "b_Field41": " Mestiza" }, "geometry": { "type": "Point", "coordinates": [ -78.945711423252035, -1.455199941729324 ] } },
{ "type": "Feature", "properties": { "id": 3240, "b_Field2": "Proyecto Guaranda", "b_Field3": "2025/05/14", "b_Field4": "BOLIVAR", "b_Field5": "GUARANDA", "b_Field6": "SIMIATUG", "b_Field7": "PIMBALO", "b_Field8": "Rural", "b_Field9": "Sí", "b_Field10": 16, "b_Field11": "No", "b_Field12": 16, "b_Field13": "2do. Año de Bachillerato (5to. Curso sistema anterior)", "b_Field14": 0, "b_Field15": null, "b_Field16": 0, "b_Field17": "No", "b_Field18": 0, "b_Field19": 0, "b_Field20": "No", "b_Field21": 48.0, "b_Field22": 145, "b_Field23": 23, "b_Field24": "Normal", "b_Field25": "No", "b_Field26": null, "b_Field27": "No", "b_Field28": "Adobe o tapia?", "b_Field29": "Tierra?", "b_Field30": "Por tubería, fuera de la vivienda pero dentro del edificio, lote o terreno?", "b_Field31": " Juntas de Agua/Organizaciones comunitarias/GAD parroquial?", "b_Field32": " Inodoro o escusado, conectado a pozo séptico?", "b_Field33": 4, "b_Field34": 2, "b_Field35": 1, "b_Field36": 1, "b_Field37": "HILDA ROCIO CAIZA YANCHALIQUIN", "b_Field38": 42, "b_Field39": "3er. Año de Bachillerato (6to. Curso sistema anterior)", "b_Field40": "No", "b_Field41": " Indígena" }, "geometry": { "type": "Point", "coordinates": [ -79.045170610690079, -1.278032542499087 ] } },
{ "type": "Feature", "properties": { "id": 3241, "b_Field2": "Proyecto Guaranda", "b_Field3": "2025/06/16", "b_Field4": "BOLIVAR", "b_Field5": "GUARANDA", "b_Field6": "GUANUJO", "b_Field7": "ILLANGAMA", "b_Field8": "Rural", "b_Field9": "Sí", "b_Field10": 12, "b_Field11": "Sí", "b_Field12": 24, "b_Field13": "10mo. Año de Educación General Básica – EGB (3er. Curso sistema anterior)", "b_Field14": 0, "b_Field15": null, "b_Field16": 0, "b_Field17": "No", "b_Field18": 1, "b_Field19": 0, "b_Field20": "No", "b_Field21": 52.1, "b_Field22": 145, "b_Field23": 25, "b_Field24": "Normal", "b_Field25": "Sí", "b_Field26": "Bono de Desarrollo Humano", "b_Field27": "Sí", "b_Field28": "Adobe o tapia?", "b_Field29": "Tierra?", "b_Field30": "Por tubería, fuera de la vivienda pero dentro del edificio, lote o terreno?", "b_Field31": " Juntas de Agua/Organizaciones comunitarias/GAD parroquial?", "b_Field32": " Inodoro o escusado, conectado a pozo séptico?", "b_Field33": 3, "b_Field34": 2, "b_Field35": 0, "b_Field36": 0, "b_Field37": "NANCY ELENA AGUALONGO COLES", "b_Field38": 21, "b_Field39": "10mo. Año de Educación General Básica – EGB (3er. Curso sistema anterior)", "b_Field40": "Sí", "b_Field41": " Indígena" }, "geometry": { "type": "Point", "coordinates": [ -78.963292066631254, -1.502131909624015 ] } },
{ "type": "Feature", "properties": { "id": 3242, "b_Field2": "Proyecto Guaranda", "b_Field3": "2025/05/14", "b_Field4": "BOLIVAR", "b_Field5": "GUARANDA", "b_Field6": "SIMIATUG", "b_Field7": "POTRERO", "b_Field8": "Rural", "b_Field9": "Sí", "b_Field10": 16, "b_Field11": "Sí", "b_Field12": 40, "b_Field13": "3er. Año de Educación General Básica – EGB (2do. Grado sistema anterior)", "b_Field14": 0, "b_Field15": null, "b_Field16": 0, "b_Field17": "No", "b_Field18": 1, "b_Field19": 0, "b_Field20": "No", "b_Field21": 64.4, "b_Field22": 155, "b_Field23": 27, "b_Field24": "Sobre peso", "b_Field25": "Sí", "b_Field26": "Bono Infancia con Futuro (1000 días)", "b_Field27": "Sí", "b_Field28": "Ladrillo o bloque?", "b_Field29": "Ladrillo o cemento?", "b_Field30": "Por tubería, fuera de la vivienda pero dentro del edificio, lote o terreno?", "b_Field31": " Juntas de Agua/Organizaciones comunitarias/GAD parroquial?", "b_Field32": " Inodoro o escusado, conectado a pozo séptico?", "b_Field33": 4, "b_Field34": 2, "b_Field35": 0, "b_Field36": 0, "b_Field37": "BERTHA MARINA QUISINTUÑA RAMOS", "b_Field38": 40, "b_Field39": "3er. Año de Educación General Básica – EGB (2do. Grado sistema anterior)", "b_Field40": "Sí", "b_Field41": " Indígena" }, "geometry": { "type": "Point", "coordinates": [ -78.959385863103918, -1.305454799426846 ] } },
{ "type": "Feature", "properties": { "id": 3244, "b_Field2": "Proyecto Guaranda", "b_Field3": "2025/05/28", "b_Field4": "BOLIVAR", "b_Field5": "GUARANDA", "b_Field6": "SIMIATUG", "b_Field7": "YATALÓ", "b_Field8": "Rural", "b_Field9": "Sí", "b_Field10": 18, "b_Field11": "Sí", "b_Field12": 38, "b_Field13": "1er. Año de Educación General Básica – EGB (Jardín de Infantes)", "b_Field14": 0, "b_Field15": null, "b_Field16": 0, "b_Field17": "No", "b_Field18": 6, "b_Field19": 0, "b_Field20": "Sí", "b_Field21": 48.3, "b_Field22": 140, "b_Field23": 25, "b_Field24": "Normal", "b_Field25": "Sí", "b_Field26": "Bono de Desarrollo Humano", "b_Field27": "No", "b_Field28": "Adobe o tapia?", "b_Field29": "Tierra?", "b_Field30": "Por tubería, dentro de la vivienda?", "b_Field31": " Juntas de Agua/Organizaciones comunitarias/GAD parroquial?", "b_Field32": " No tiene", "b_Field33": 8, "b_Field34": 1, "b_Field35": 4, "b_Field36": 4, "b_Field37": "SEGUNDO MANUEL YUMBULEMA CHISAG", "b_Field38": 40, "b_Field39": "7mo. Año de Educación General Básica – EGB (6to. Grado sistema anterior)", "b_Field40": "Sí", "b_Field41": " Indígena" }, "geometry": { "type": "Point", "coordinates": [ -78.937564255517486, -1.270250889703544 ] } },
{ "type": "Feature", "properties": { "id": 3251, "b_Field2": "Proyecto Guaranda", "b_Field3": "2025/05/28", "b_Field4": "BOLIVAR", "b_Field5": "GUARANDA", "b_Field6": "SIMIATUG", "b_Field7": "POTRERO", "b_Field8": "Rural", "b_Field9": "Sí", "b_Field10": 12, "b_Field11": "No", "b_Field12": 17, "b_Field13": "1ro. Año de Bachillerato (4to. Curso sistema anterior)", "b_Field14": 0, "b_Field15": null, "b_Field16": 0, "b_Field17": "No", "b_Field18": 0, "b_Field19": 0, "b_Field20": "No", "b_Field21": 55.0, "b_Field22": 146, "b_Field23": 26, "b_Field24": "Sobre peso", "b_Field25": "No", "b_Field26": null, "b_Field27": "No", "b_Field28": "Adobe o tapia?", "b_Field29": "Tierra?", "b_Field30": "Por tubería, fuera de la vivienda pero dentro del edificio, lote o terreno?", "b_Field31": " Juntas de Agua/Organizaciones comunitarias/GAD parroquial?", "b_Field32": " Inodoro o escusado, conectado a pozo séptico?", "b_Field33": 9, "b_Field34": 2, "b_Field35": 1, "b_Field36": 1, "b_Field37": "CARLOS POAQUIZA", "b_Field38": 48, "b_Field39": "7mo. Año de Educación General Básica – EGB (6to. Grado sistema anterior)", "b_Field40": "Sí", "b_Field41": " Indígena" }, "geometry": { "type": "Point", "coordinates": [ -79.011337666037676, -1.230723050245589 ] } },
{ "type": "Feature", "properties": { "id": 3255, "b_Field2": "Proyecto Guaranda", "b_Field3": "2025/05/28", "b_Field4": "BOLIVAR", "b_Field5": "GUARANDA", "b_Field6": "SIMIATUG", "b_Field7": "YATALÓ", "b_Field8": "Rural", "b_Field9": "Sí", "b_Field10": 26, "b_Field11": "Sí", "b_Field12": 22, "b_Field13": "10mo. Año de Educación General Básica – EGB (3er. Curso sistema anterior)", "b_Field14": 0, "b_Field15": null, "b_Field16": 0, "b_Field17": "No", "b_Field18": 1, "b_Field19": 0, "b_Field20": "No", "b_Field21": 47.5, "b_Field22": 146, "b_Field23": 22, "b_Field24": "Normal", "b_Field25": "Sí", "b_Field26": "Bono Infancia con Futuro (1000 días)", "b_Field27": "Sí", "b_Field28": "Adobe o tapia?", "b_Field29": "Tierra?", "b_Field30": "Por tubería, dentro de la vivienda?", "b_Field31": " Juntas de Agua/Organizaciones comunitarias/GAD parroquial?", "b_Field32": " No tiene", "b_Field33": 3, "b_Field34": 1, "b_Field35": 0, "b_Field36": 0, "b_Field37": "BLANCA MERCEDES AUCATOMA CHISAG", "b_Field38": 23, "b_Field39": "10mo. Año de Educación General Básica – EGB (3er. Curso sistema anterior)", "b_Field40": "No", "b_Field41": " Indígena" }, "geometry": { "type": "Point", "coordinates": [ -78.967086328715766, -1.237836752031094 ] } },
{ "type": "Feature", "properties": { "id": 3256, "b_Field2": "Proyecto Guaranda", "b_Field3": "2025/05/28", "b_Field4": "BOLIVAR", "b_Field5": "GUARANDA", "b_Field6": "SIMIATUG", "b_Field7": "CHIGUE", "b_Field8": "Rural", "b_Field9": "Sí", "b_Field10": 12, "b_Field11": "Sí", "b_Field12": 38, "b_Field13": "7mo. Año de Educación General Básica – EGB (6to. Grado sistema anterior)", "b_Field14": 0, "b_Field15": null, "b_Field16": 0, "b_Field17": "No", "b_Field18": 3, "b_Field19": 0, "b_Field20": "No", "b_Field21": 59.0, "b_Field22": 150, "b_Field23": 26, "b_Field24": "Sobre peso", "b_Field25": "Sí", "b_Field26": "Bono Infancia con Futuro (1000 días)", "b_Field27": "Sí", "b_Field28": "Adobe o tapia?", "b_Field29": "Tierra?", "b_Field30": "Por tubería, fuera de la vivienda pero dentro del edificio, lote o terreno?", "b_Field31": " Juntas de Agua/Organizaciones comunitarias/GAD parroquial?", "b_Field32": " Inodoro o escusado, conectado a pozo ciego?", "b_Field33": 5, "b_Field34": 1, "b_Field35": 1, "b_Field36": 1, "b_Field37": "SANDRA GUADALUPE TIBANLOMBO LUCINTUÑA", "b_Field38": 38, "b_Field39": "7mo. Año de Educación General Básica – EGB (6to. Grado sistema anterior)", "b_Field40": "No", "b_Field41": " Indígena" }, "geometry": { "type": "Point", "coordinates": [ -79.046824276759665, -1.258240358512488 ] } },
{ "type": "Feature", "properties": { "id": 3257, "b_Field2": "Proyecto Guaranda", "b_Field3": "2025/05/28", "b_Field4": "BOLIVAR", "b_Field5": "GUARANDA", "b_Field6": "SIMIATUG", "b_Field7": "PIMBALO", "b_Field8": "Rural", "b_Field9": "Sí", "b_Field10": 24, "b_Field11": "No", "b_Field12": 18, "b_Field13": "8vo. Año de Educación General Básica – EGB (1er. Curso sistema anterior)", "b_Field14": 0, "b_Field15": null, "b_Field16": 0, "b_Field17": "No", "b_Field18": 0, "b_Field19": 0, "b_Field20": "No", "b_Field21": 62.0, "b_Field22": 150, "b_Field23": 28, "b_Field24": "Sobre peso", "b_Field25": "No", "b_Field26": null, "b_Field27": "No", "b_Field28": "Adobe o tapia?", "b_Field29": "Tierra?", "b_Field30": "Por tubería, fuera de la vivienda pero dentro del edificio, lote o terreno?", "b_Field31": " Juntas de Agua/Organizaciones comunitarias/GAD parroquial?", "b_Field32": " Inodoro o escusado, conectado a pozo séptico?", "b_Field33": 3, "b_Field34": 1, "b_Field35": 0, "b_Field36": 0, "b_Field37": "MARIA SERVILLA POAQUIZA POAQUIZA", "b_Field38": 37, "b_Field39": "1er. Año de Educación General Básica – EGB (Jardín de Infantes)", "b_Field40": "Sí", "b_Field41": " Indígena" }, "geometry": { "type": "Point", "coordinates": [ -79.040294145312672, -1.224146835369108 ] } },
{ "type": "Feature", "properties": { "id": 3258, "b_Field2": "Proyecto Guaranda", "b_Field3": "2025/06/11", "b_Field4": "BOLIVAR", "b_Field5": "GUARANDA", "b_Field6": "SIMIATUG", "b_Field7": "LAIHUA KURIÑAN", "b_Field8": "Rural", "b_Field9": "Sí", "b_Field10": 27, "b_Field11": "Sí", "b_Field12": 19, "b_Field13": "3er. Año de Bachillerato (6to. Curso sistema anterior)", "b_Field14": 0, "b_Field15": null, "b_Field16": 0, "b_Field17": "No", "b_Field18": 0, "b_Field19": 0, "b_Field20": "No", "b_Field21": 39.1, "b_Field22": 137, "b_Field23": 21, "b_Field24": "Normal", "b_Field25": "Sí", "b_Field26": "Bono Infancia con Futuro (1000 días)", "b_Field27": "No", "b_Field28": "Adobe o tapia?", "b_Field29": "Tierra?", "b_Field30": "Por tubería, dentro de la vivienda?", "b_Field31": " Juntas de Agua/Organizaciones comunitarias/GAD parroquial?", "b_Field32": " Letrina?", "b_Field33": 6, "b_Field34": 1, "b_Field35": 2, "b_Field36": 2, "b_Field37": "JOSE PIO CAIZA PUNINA", "b_Field38": 40, "b_Field39": "5to. Año de Educación General Básica – EGB (4to. Grado sistema anterior)", "b_Field40": "Sí", "b_Field41": " Indígena" }, "geometry": { "type": "Point", "coordinates": [ -79.044065920509468, -1.293976391543452 ] } },
{ "type": "Feature", "properties": { "id": 3259, "b_Field2": "Proyecto Guaranda", "b_Field3": "2025/06/11", "b_Field4": "BOLIVAR", "b_Field5": "GUARANDA", "b_Field6": "SIMIATUG", "b_Field7": "MINDINA", "b_Field8": "Rural", "b_Field9": "Sí", "b_Field10": 31, "b_Field11": "No", "b_Field12": 17, "b_Field13": "2do. Año de Bachillerato (5to. Curso sistema anterior)", "b_Field14": 0, "b_Field15": null, "b_Field16": 0, "b_Field17": "No", "b_Field18": 0, "b_Field19": 0, "b_Field20": "Sí", "b_Field21": 47.0, "b_Field22": 150, "b_Field23": 21, "b_Field24": "Normal", "b_Field25": "No", "b_Field26": null, "b_Field27": "No", "b_Field28": "Ladrillo o bloque?", "b_Field29": "Ladrillo o cemento?", "b_Field30": "Por tubería, dentro de la vivienda?", "b_Field31": " Juntas de Agua/Organizaciones comunitarias/GAD parroquial?", "b_Field32": " Inodoro o escusado, conectado a pozo séptico?", "b_Field33": 6, "b_Field34": 1, "b_Field35": 1, "b_Field36": 1, "b_Field37": "LUIS ALFREDO YANCHALIQUIN CAIZA", "b_Field38": 37, "b_Field39": "10mo. Año de Educación General Básica – EGB (3er. Curso sistema anterior)", "b_Field40": "Sí", "b_Field41": " Indígena" }, "geometry": { "type": "Point", "coordinates": [ -79.037545479534145, -1.247786862097561 ] } },
{ "type": "Feature", "properties": { "id": 3260, "b_Field2": "Proyecto Guaranda", "b_Field3": "2025/06/11", "b_Field4": "BOLIVAR", "b_Field5": "GUARANDA", "b_Field6": "SIMIATUG", "b_Field7": "POTRERO", "b_Field8": "Rural", "b_Field9": "Sí", "b_Field10": 27, "b_Field11": "No", "b_Field12": 20, "b_Field13": "3er. Año de Bachillerato (6to. Curso sistema anterior)", "b_Field14": 0, "b_Field15": null, "b_Field16": 0, "b_Field17": "No", "b_Field18": 0, "b_Field19": 0, "b_Field20": "No", "b_Field21": 39.9, "b_Field22": 143, "b_Field23": 20, "b_Field24": "Normal", "b_Field25": "No", "b_Field26": null, "b_Field27": "No", "b_Field28": "Madera?", "b_Field29": "Tierra?", "b_Field30": "Por tubería, dentro de la vivienda?", "b_Field31": " Juntas de Agua/Organizaciones comunitarias/GAD parroquial?", "b_Field32": " Inodoro o escusado, conectado a pozo séptico?", "b_Field33": 2, "b_Field34": 1, "b_Field35": 0, "b_Field36": 0, "b_Field37": "EDGAR SIGCHA ", "b_Field38": 24, "b_Field39": "10mo. Año de Educación General Básica – EGB (3er. Curso sistema anterior)", "b_Field40": "Sí", "b_Field41": " Indígena" }, "geometry": { "type": "Point", "coordinates": [ -78.943043019322033, -1.249363530749294 ] } },
{ "type": "Feature", "properties": { "id": 3261, "b_Field2": "Proyecto Guaranda", "b_Field3": "2025/06/11", "b_Field4": "BOLIVAR", "b_Field5": "GUARANDA", "b_Field6": "SIMIATUG", "b_Field7": "MIRAFLORES", "b_Field8": "Rural", "b_Field9": "Sí", "b_Field10": 25, "b_Field11": "No", "b_Field12": 29, "b_Field13": "3er. Año de Bachillerato (6to. Curso sistema anterior)", "b_Field14": 0, "b_Field15": null, "b_Field16": 0, "b_Field17": "No", "b_Field18": 0, "b_Field19": 0, "b_Field20": "Sí", "b_Field21": 59.0, "b_Field22": 151, "b_Field23": 26, "b_Field24": "Sobre peso", "b_Field25": "No", "b_Field26": null, "b_Field27": "Sí", "b_Field28": "Adobe o tapia?", "b_Field29": "Tierra?", "b_Field30": "Por tubería, dentro de la vivienda?", "b_Field31": " Juntas de Agua/Organizaciones comunitarias/GAD parroquial?", "b_Field32": " Inodoro o escusado, conectado a pozo séptico?", "b_Field33": 1, "b_Field34": 1, "b_Field35": 0, "b_Field36": 0, "b_Field37": "SISA ADRIANA AZOGUE SINCHIGALO", "b_Field38": 29, "b_Field39": "3er. Año de Bachillerato (6to. Curso sistema anterior)", "b_Field40": "Sí", "b_Field41": " Indígena" }, "geometry": { "type": "Point", "coordinates": [ -78.969755811447314, -1.316459091135686 ] } },
{ "type": "Feature", "properties": { "id": 3262, "b_Field2": "Proyecto Guaranda", "b_Field3": "2025/06/18", "b_Field4": "BOLIVAR", "b_Field5": "GUARANDA", "b_Field6": "SIMIATUG", "b_Field7": "LLULLIMUNLLO", "b_Field8": "Rural", "b_Field9": "Sí", "b_Field10": 29, "b_Field11": "Sí", "b_Field12": 33, "b_Field13": "7mo. Año de Educación General Básica – EGB (6to. Grado sistema anterior)", "b_Field14": 0, "b_Field15": null, "b_Field16": 0, "b_Field17": "No", "b_Field18": 1, "b_Field19": 0, "b_Field20": "No", "b_Field21": 36.6, "b_Field22": 138, "b_Field23": 19, "b_Field24": "Normal", "b_Field25": "Sí", "b_Field26": "Bono de Desarrollo Humano", "b_Field27": "Sí", "b_Field28": "Madera?", "b_Field29": "Tierra?", "b_Field30": "No recibe agua por tubería, sino por otros medios?", "b_Field31": " Otras fuentes (río, vertiente, acequia, canal, grieta o agua lluvia)?", "b_Field32": " No tiene", "b_Field33": 3, "b_Field34": 1, "b_Field35": 1, "b_Field36": 1, "b_Field37": "MARIA MAZABANDA", "b_Field38": 33, "b_Field39": "7mo. Año de Educación General Básica – EGB (6to. Grado sistema anterior)", "b_Field40": "Sí", "b_Field41": " Indígena" }, "geometry": { "type": "Point", "coordinates": [ -78.987841497773474, -1.240601681440174 ] } },
{ "type": "Feature", "properties": { "id": 3263, "b_Field2": "Proyecto Guaranda", "b_Field3": "2025/06/18", "b_Field4": "BOLIVAR", "b_Field5": "GUARANDA", "b_Field6": "SIMIATUG", "b_Field7": "MINDINA", "b_Field8": "Rural", "b_Field9": "Sí", "b_Field10": 9, "b_Field11": "No", "b_Field12": 36, "b_Field13": "3er. Año de Educación General Básica – EGB (2do. Grado sistema anterior)", "b_Field14": 0, "b_Field15": null, "b_Field16": 0, "b_Field17": "No", "b_Field18": 1, "b_Field19": 0, "b_Field20": "No", "b_Field21": 58.0, "b_Field22": 143, "b_Field23": 28, "b_Field24": "Sobre peso", "b_Field25": "No", "b_Field26": null, "b_Field27": "No", "b_Field28": "Madera?", "b_Field29": "Tierra?", "b_Field30": "Por tubería, fuera de la vivienda pero dentro del edificio, lote o terreno?", "b_Field31": " Juntas de Agua/Organizaciones comunitarias/GAD parroquial?", "b_Field32": " Letrina?", "b_Field33": 3, "b_Field34": 1, "b_Field35": 0, "b_Field36": 0, "b_Field37": "SEGUNDO JULIO CAIZA YANCHALIQUIN", "b_Field38": 50, "b_Field39": "3er. Año de Educación General Básica – EGB (2do. Grado sistema anterior)", "b_Field40": "No", "b_Field41": " Indígena" }, "geometry": { "type": "Point", "coordinates": [ -78.948478555361945, -1.283454472701795 ] } },
{ "type": "Feature", "properties": { "id": 3264, "b_Field2": "Proyecto Guaranda", "b_Field3": "2025/06/18", "b_Field4": "BOLIVAR", "b_Field5": "GUARANDA", "b_Field6": "SIMIATUG", "b_Field7": "YATALÓ", "b_Field8": "Rural", "b_Field9": "Sí", "b_Field10": 26, "b_Field11": "Sí", "b_Field12": 37, "b_Field13": "7mo. Año de Educación General Básica – EGB (6to. Grado sistema anterior)", "b_Field14": 0, "b_Field15": null, "b_Field16": 0, "b_Field17": "No", "b_Field18": 3, "b_Field19": 0, "b_Field20": "No", "b_Field21": 44.1, "b_Field22": 144, "b_Field23": 21, "b_Field24": "Normal", "b_Field25": "Sí", "b_Field26": "Bono de Desarrollo Humano Variable", "b_Field27": "No", "b_Field28": "Adobe o tapia?", "b_Field29": "Tierra?", "b_Field30": "No recibe agua por tubería, sino por otros medios?", "b_Field31": " Otras fuentes (río, vertiente, acequia, canal, grieta o agua lluvia)?", "b_Field32": " No tiene", "b_Field33": 5, "b_Field34": 1, "b_Field35": 2, "b_Field36": 1, "b_Field37": "LUIS ESTUARDO AZOGUE GAVILANEZ", "b_Field38": 36, "b_Field39": "7mo. Año de Educación General Básica – EGB (6to. Grado sistema anterior)", "b_Field40": "No", "b_Field41": " Indígena" }, "geometry": { "type": "Point", "coordinates": [ -78.938687620020559, -1.230667519913809 ] } },
{ "type": "Feature", "properties": { "id": 3265, "b_Field2": "Proyecto Guaranda", "b_Field3": "2025/07/02", "b_Field4": "BOLIVAR", "b_Field5": "GUARANDA", "b_Field6": "SIMIATUG", "b_Field7": "PAPALOMA", "b_Field8": "Rural", "b_Field9": "Sí", "b_Field10": 16, "b_Field11": "Sí", "b_Field12": 43, "b_Field13": "7mo. Año de Educación General Básica – EGB (6to. Grado sistema anterior)", "b_Field14": 0, "b_Field15": null, "b_Field16": 0, "b_Field17": "No", "b_Field18": 2, "b_Field19": 0, "b_Field20": "Sí", "b_Field21": 49.0, "b_Field22": 132, "b_Field23": 28, "b_Field24": "Sobre peso", "b_Field25": "Sí", "b_Field26": "Bono de Desarrollo Humano", "b_Field27": "Sí", "b_Field28": "Adobe o tapia?", "b_Field29": "Tierra?", "b_Field30": "Por tubería, fuera de la vivienda pero dentro del edificio, lote o terreno?", "b_Field31": " Juntas de Agua/Organizaciones comunitarias/GAD parroquial?", "b_Field32": " Inodoro o escusado, conectado a pozo séptico?", "b_Field33": 5, "b_Field34": 2, "b_Field35": 1, "b_Field36": 1, "b_Field37": "MARIA OLGA TIXILEMA YANCHALIQUIN", "b_Field38": 43, "b_Field39": "7mo. Año de Educación General Básica – EGB (6to. Grado sistema anterior)", "b_Field40": "No", "b_Field41": " Indígena" }, "geometry": { "type": "Point", "coordinates": [ -79.036406999781903, -1.308265612191523 ] } },
{ "type": "Feature", "properties": { "id": 3268, "b_Field2": "Proyecto Guaranda", "b_Field3": "2025/05/29", "b_Field4": "BOLIVAR", "b_Field5": "GUARANDA", "b_Field6": "SAN SIMON", "b_Field7": "CONVENTILLO", "b_Field8": "Rural", "b_Field9": "Sí", "b_Field10": 22, "b_Field11": "No", "b_Field12": 20, "b_Field13": "3er. Año de Bachillerato (6to. Curso sistema anterior)", "b_Field14": 0, "b_Field15": null, "b_Field16": 0, "b_Field17": "No", "b_Field18": 0, "b_Field19": 0, "b_Field20": "No", "b_Field21": 56.5, "b_Field22": 149, "b_Field23": 25, "b_Field24": "Sobre peso", "b_Field25": "No", "b_Field26": null, "b_Field27": "No", "b_Field28": "Ladrillo o bloque?", "b_Field29": "Tierra?", "b_Field30": "Por tubería, dentro de la vivienda?", "b_Field31": " Juntas de Agua/Organizaciones comunitarias/GAD parroquial?", "b_Field32": " Inodoro o escusado, conectado a pozo séptico?", "b_Field33": 6, "b_Field34": 4, "b_Field35": 0, "b_Field36": 0, "b_Field37": "FRANKIN CAIZA", "b_Field38": 42, "b_Field39": "2do. Año de Bachillerato (5to. Curso sistema anterior)", "b_Field40": "Sí", "b_Field41": " Indígena" }, "geometry": { "type": "Point", "coordinates": [ -78.933620955674897, -1.628153844752936 ] } },
{ "type": "Feature", "properties": { "id": 3269, "b_Field2": "Proyecto Guaranda", "b_Field3": "2025/05/29", "b_Field4": "BOLIVAR", "b_Field5": "GUARANDA", "b_Field6": "SAN SIMON", "b_Field7": "CONVENTILLO", "b_Field8": "Rural", "b_Field9": "Sí", "b_Field10": 23, "b_Field11": "Sí", "b_Field12": 32, "b_Field13": "3er. Año de Bachillerato (6to. Curso sistema anterior)", "b_Field14": 0, "b_Field15": null, "b_Field16": 0, "b_Field17": "No", "b_Field18": 1, "b_Field19": 0, "b_Field20": "No", "b_Field21": 72.0, "b_Field22": 162, "b_Field23": 27, "b_Field24": "Sobre peso", "b_Field25": "Sí", "b_Field26": "Bono de Desarrollo Humano", "b_Field27": "Sí", "b_Field28": "Ladrillo o bloque?", "b_Field29": "Ladrillo o cemento?", "b_Field30": "Por tubería, dentro de la vivienda?", "b_Field31": " Juntas de Agua/Organizaciones comunitarias/GAD parroquial?", "b_Field32": " Inodoro o escusado, conectado a pozo séptico?", "b_Field33": 5, "b_Field34": 3, "b_Field35": 1, "b_Field36": 1, "b_Field37": "LILIANA CAIZA AGUALONGO", "b_Field38": 32, "b_Field39": "3er. Año de Bachillerato (6to. Curso sistema anterior)", "b_Field40": "Sí", "b_Field41": " Indígena" }, "geometry": { "type": "Point", "coordinates": [ -78.944001083551655, -1.628164526548482 ] } },
{ "type": "Feature", "properties": { "id": 3270, "b_Field2": "Proyecto Guaranda", "b_Field3": "2025/05/29", "b_Field4": "BOLIVAR", "b_Field5": "GUARANDA", "b_Field6": "SAN SIMON", "b_Field7": "GRADAS CHICO", "b_Field8": "Rural", "b_Field9": "Sí", "b_Field10": 30, "b_Field11": "Sí", "b_Field12": 27, "b_Field13": "3er. Año de Bachillerato (6to. Curso sistema anterior)", "b_Field14": 0, "b_Field15": null, "b_Field16": 0, "b_Field17": "No", "b_Field18": 1, "b_Field19": 0, "b_Field20": "No", "b_Field21": 60.6, "b_Field22": 144, "b_Field23": 29, "b_Field24": "Sobre peso", "b_Field25": "Sí", "b_Field26": "Bono de Desarrollo Humano", "b_Field27": "Sí", "b_Field28": "Ladrillo o bloque?", "b_Field29": "Ladrillo o cemento?", "b_Field30": "Por tubería, fuera de la vivienda pero dentro del edificio, lote o terreno?", "b_Field31": " Juntas de Agua/Organizaciones comunitarias/GAD parroquial?", "b_Field32": " Inodoro o escusado, conectado a pozo séptico?", "b_Field33": 3, "b_Field34": 1, "b_Field35": 1, "b_Field36": 1, "b_Field37": "NOEMI DANIELA TOALOMBO AGUALONGO", "b_Field38": 27, "b_Field39": "3er. Año de Bachillerato (6to. Curso sistema anterior)", "b_Field40": "No", "b_Field41": " Indígena" }, "geometry": { "type": "Point", "coordinates": [ -78.940453882425714, -1.624312418176964 ] } },
{ "type": "Feature", "properties": { "id": 3271, "b_Field2": "Proyecto Guaranda", "b_Field3": "2025/05/29", "b_Field4": "BOLIVAR", "b_Field5": "GUARANDA", "b_Field6": "SAN SIMON", "b_Field7": "CONVENTILLO", "b_Field8": "Rural", "b_Field9": "Sí", "b_Field10": 10, "b_Field11": "No", "b_Field12": 21, "b_Field13": "1ro. Año de Bachillerato (4to. Curso sistema anterior)", "b_Field14": 0, "b_Field15": null, "b_Field16": 0, "b_Field17": "No", "b_Field18": 0, "b_Field19": 0, "b_Field20": "No", "b_Field21": 57.9, "b_Field22": 158, "b_Field23": 23, "b_Field24": "Normal", "b_Field25": "No", "b_Field26": null, "b_Field27": "No", "b_Field28": "Adobe o tapia?", "b_Field29": "Tierra?", "b_Field30": "Por tubería, dentro de la vivienda?", "b_Field31": " Juntas de Agua/Organizaciones comunitarias/GAD parroquial?", "b_Field32": " Inodoro o escusado, conectado a pozo séptico?", "b_Field33": 2, "b_Field34": 1, "b_Field35": 0, "b_Field36": 0, "b_Field37": "WIDINSON NEPTALI CHACAN TUALOMBO", "b_Field38": 22, "b_Field39": "3er. Año de Bachillerato (6to. Curso sistema anterior)", "b_Field40": "Sí", "b_Field41": " Indígena" }, "geometry": { "type": "Point", "coordinates": [ -78.952188737994859, -1.635320114305467 ] } },
{ "type": "Feature", "properties": { "id": 3272, "b_Field2": "Proyecto Guaranda", "b_Field3": "2025/05/28", "b_Field4": "BOLIVAR", "b_Field5": "GUARANDA", "b_Field6": "GABRIEL IGNACIO VEINTIMILLA", "b_Field7": "QUESERAS", "b_Field8": "Rural", "b_Field9": "Sí", "b_Field10": 18, "b_Field11": "Sí", "b_Field12": 18, "b_Field13": "7mo. Año de Educación General Básica – EGB (6to. Grado sistema anterior)", "b_Field14": 1, "b_Field15": "Madre o padre", "b_Field16": 37, "b_Field17": "Sí", "b_Field18": 2, "b_Field19": 0, "b_Field20": "No", "b_Field21": 60.6, "b_Field22": 146, "b_Field23": 28, "b_Field24": "Sobre peso", "b_Field25": "Sí", "b_Field26": "Bono de Desarrollo Humano", "b_Field27": "No", "b_Field28": "Adobe o tapia?", "b_Field29": "Tierra?", "b_Field30": "Por tubería, fuera de la vivienda pero dentro del edificio, lote o terreno?", "b_Field31": " Juntas de Agua/Organizaciones comunitarias/GAD parroquial?", "b_Field32": " Letrina?", "b_Field33": 6, "b_Field34": 2, "b_Field35": 2, "b_Field36": 2, "b_Field37": "MARIA PASTORA YALLICO YALLICO", "b_Field38": 40, "b_Field39": "1er. Año de Educación General Básica – EGB (Jardín de Infantes)", "b_Field40": "Sí", "b_Field41": " Indígena" }, "geometry": { "type": "Point", "coordinates": [ -78.915989452314676, -1.573158360164088 ] } },
{ "type": "Feature", "properties": { "id": 3273, "b_Field2": "Proyecto Guaranda", "b_Field3": "2025/05/28", "b_Field4": "BOLIVAR", "b_Field5": "GUARANDA", "b_Field6": "SAN SIMON", "b_Field7": "CACHISAGUA", "b_Field8": "Rural", "b_Field9": "Sí", "b_Field10": 17, "b_Field11": "No", "b_Field12": 18, "b_Field13": "3er. Año de Bachillerato (6to. Curso sistema anterior)", "b_Field14": 0, "b_Field15": null, "b_Field16": 0, "b_Field17": "No", "b_Field18": 0, "b_Field19": 0, "b_Field20": "No", "b_Field21": 48.5, "b_Field22": 153, "b_Field23": 21, "b_Field24": "Normal", "b_Field25": "No", "b_Field26": null, "b_Field27": "No", "b_Field28": "Ladrillo o bloque?", "b_Field29": "Tierra?", "b_Field30": "Por tubería, fuera de la vivienda pero dentro del edificio, lote o terreno?", "b_Field31": " Juntas de Agua/Organizaciones comunitarias/GAD parroquial?", "b_Field32": " Inodoro o escusado, conectado a pozo séptico?", "b_Field33": 6, "b_Field34": 4, "b_Field35": 1, "b_Field36": 1, "b_Field37": "NEYSER YALLICO", "b_Field38": 19, "b_Field39": "3er. Año de Bachillerato (6to. Curso sistema anterior)", "b_Field40": "Sí", "b_Field41": " Indígena" }, "geometry": { "type": "Point", "coordinates": [ -78.921332164358631, -1.62484248575884 ] } },
{ "type": "Feature", "properties": { "id": 3274, "b_Field2": "Proyecto Guaranda", "b_Field3": "2025/05/28", "b_Field4": "BOLIVAR", "b_Field5": "GUARANDA", "b_Field6": "SAN SIMON", "b_Field7": "INTI CHURI", "b_Field8": "Rural", "b_Field9": "Sí", "b_Field10": 25, "b_Field11": "No", "b_Field12": 19, "b_Field13": "3er. Año de Bachillerato (6to. Curso sistema anterior)", "b_Field14": 0, "b_Field15": null, "b_Field16": 0, "b_Field17": "No", "b_Field18": 0, "b_Field19": 0, "b_Field20": "No", "b_Field21": 56.15, "b_Field22": 153, "b_Field23": 24, "b_Field24": "Normal", "b_Field25": "No", "b_Field26": null, "b_Field27": "No", "b_Field28": "Adobe o tapia?", "b_Field29": "Tierra?", "b_Field30": "Por tubería, fuera de la vivienda pero dentro del edificio, lote o terreno?", "b_Field31": " Juntas de Agua/Organizaciones comunitarias/GAD parroquial?", "b_Field32": " Inodoro o escusado, conectado a pozo ciego?", "b_Field33": 7, "b_Field34": 1, "b_Field35": 1, "b_Field36": 1, "b_Field37": "CRISTAN CUVI", "b_Field38": 24, "b_Field39": "3er. Año de Bachillerato (6to. Curso sistema anterior)", "b_Field40": "Sí", "b_Field41": " Indígena" }, "geometry": { "type": "Point", "coordinates": [ -78.959300448978468, -1.625981024140988 ] } },
{ "type": "Feature", "properties": { "id": 3275, "b_Field2": "Proyecto Guaranda", "b_Field3": "2025/06/18", "b_Field4": "BOLIVAR", "b_Field5": "GUARANDA", "b_Field6": "GABRIEL IGNACIO VEINTIMILLA", "b_Field7": "QUESERAS", "b_Field8": "Rural", "b_Field9": "Sí", "b_Field10": 28, "b_Field11": "Sí", "b_Field12": 24, "b_Field13": "3er. Año de Bachillerato (6to. Curso sistema anterior)", "b_Field14": 0, "b_Field15": null, "b_Field16": 0, "b_Field17": "No", "b_Field18": 0, "b_Field19": 1, "b_Field20": "No", "b_Field21": 45.8, "b_Field22": 147, "b_Field23": 21, "b_Field24": "Normal", "b_Field25": "Sí", "b_Field26": "Bono Infancia con Futuro (1000 días)", "b_Field27": "No", "b_Field28": "Ladrillo o bloque?", "b_Field29": "Ladrillo o cemento?", "b_Field30": "Por tubería, fuera de la vivienda pero dentro del edificio, lote o terreno?", "b_Field31": " Juntas de Agua/Organizaciones comunitarias/GAD parroquial?", "b_Field32": " Inodoro o escusado, conectado a pozo séptico?", "b_Field33": 4, "b_Field34": 2, "b_Field35": 0, "b_Field36": 0, "b_Field37": "ANGEL OVIDIO CHIMBO PATIN", "b_Field38": 27, "b_Field39": "7mo. Año de Educación General Básica – EGB (6to. Grado sistema anterior)", "b_Field40": "Sí", "b_Field41": " Indígena" }, "geometry": { "type": "Point", "coordinates": [ -78.921992220308724, -1.579761679073342 ] } },
{ "type": "Feature", "properties": { "id": 3276, "b_Field2": "Proyecto Guaranda", "b_Field3": "2025/05/28", "b_Field4": "BOLIVAR", "b_Field5": "GUARANDA", "b_Field6": "SAN SIMON", "b_Field7": "CACHISAGUA", "b_Field8": "Rural", "b_Field9": "Sí", "b_Field10": 32, "b_Field11": "No", "b_Field12": 21, "b_Field13": "3er. Año de Bachillerato (6to. Curso sistema anterior)", "b_Field14": 0, "b_Field15": null, "b_Field16": 0, "b_Field17": "No", "b_Field18": 0, "b_Field19": 0, "b_Field20": "Sí", "b_Field21": 46.3, "b_Field22": 149, "b_Field23": 21, "b_Field24": "Normal", "b_Field25": "No", "b_Field26": null, "b_Field27": "No", "b_Field28": "Hormigón?", "b_Field29": "Ladrillo o cemento?", "b_Field30": "Por tubería, fuera del edificio, lote o terreno?", "b_Field31": " Juntas de Agua/Organizaciones comunitarias/GAD parroquial?", "b_Field32": " Inodoro o escusado, conectado a pozo ciego?", "b_Field33": 4, "b_Field34": 2, "b_Field35": 0, "b_Field36": 0, "b_Field37": "JOSUE AGUALONGO TENELEMA", "b_Field38": 27, "b_Field39": "3er. Año de Bachillerato (6to. Curso sistema anterior)", "b_Field40": "No", "b_Field41": " Indígena" }, "geometry": { "type": "Point", "coordinates": [ -78.962836635064505, -1.640828902427028 ] } },
{ "type": "Feature", "properties": { "id": 3277, "b_Field2": "Proyecto Guaranda", "b_Field3": "2025/06/18", "b_Field4": "BOLIVAR", "b_Field5": "GUARANDA", "b_Field6": "SAN SIMON", "b_Field7": "VISOTE", "b_Field8": "Rural", "b_Field9": "Sí", "b_Field10": 32, "b_Field11": "Sí", "b_Field12": 31, "b_Field13": "3er. Año de Bachillerato (6to. Curso sistema anterior)", "b_Field14": 0, "b_Field15": null, "b_Field16": 0, "b_Field17": "No", "b_Field18": 1, "b_Field19": 0, "b_Field20": "No", "b_Field21": 48.7, "b_Field22": 151, "b_Field23": 21, "b_Field24": "Normal", "b_Field25": "Sí", "b_Field26": "Bono Infancia con Futuro (1000 días)", "b_Field27": "Sí", "b_Field28": "Adobe o tapia?", "b_Field29": "Tierra?", "b_Field30": "Por tubería, dentro de la vivienda?", "b_Field31": " Juntas de Agua/Organizaciones comunitarias/GAD parroquial?", "b_Field32": " Inodoro o escusado, conectado a pozo séptico?", "b_Field33": 3, "b_Field34": 1, "b_Field35": 1, "b_Field36": 1, "b_Field37": "SILVIA ELIZABETH NINABANDA AGUALONGO", "b_Field38": 32, "b_Field39": "3er. Año de Bachillerato (6to. Curso sistema anterior)", "b_Field40": "Sí", "b_Field41": " Indígena" }, "geometry": { "type": "Point", "coordinates": [ -78.936340774029716, -1.639702010443491 ] } },
{ "type": "Feature", "properties": { "id": 3278, "b_Field2": "Proyecto Guaranda", "b_Field3": "2025/06/27", "b_Field4": "BOLIVAR", "b_Field5": "GUARANDA", "b_Field6": "SAN SIMON", "b_Field7": "GRADAS CENTRAL", "b_Field8": "Rural", "b_Field9": "Sí", "b_Field10": 6, "b_Field11": "No", "b_Field12": 17, "b_Field13": "10mo. Año de Educación General Básica – EGB (3er. Curso sistema anterior)", "b_Field14": 0, "b_Field15": null, "b_Field16": 0, "b_Field17": "No", "b_Field18": 1, "b_Field19": 0, "b_Field20": "No", "b_Field21": 49.0, "b_Field22": 157, "b_Field23": 20, "b_Field24": "Normal", "b_Field25": "No", "b_Field26": null, "b_Field27": "No", "b_Field28": "Adobe o tapia?", "b_Field29": "Tierra?", "b_Field30": "Por tubería, fuera de la vivienda pero dentro del edificio, lote o terreno?", "b_Field31": " Juntas de Agua/Organizaciones comunitarias/GAD parroquial?", "b_Field32": " Inodoro o escusado, conectado a pozo séptico?", "b_Field33": 5, "b_Field34": 2, "b_Field35": 0, "b_Field36": 0, "b_Field37": "LUIS ALBERTO TENELEMA TOAPANTA", "b_Field38": 64, "b_Field39": "1er. Año de Educación General Básica – EGB (Jardín de Infantes)", "b_Field40": "Sí", "b_Field41": " Indígena" }, "geometry": { "type": "Point", "coordinates": [ -78.975686287456497, -1.630121074429173 ] } },
{ "type": "Feature", "properties": { "id": 3279, "b_Field2": "Proyecto Guaranda", "b_Field3": "2025/05/27", "b_Field4": "BOLIVAR", "b_Field5": "GUARANDA", "b_Field6": "SALINAS", "b_Field7": "PACHANCHO", "b_Field8": "Rural", "b_Field9": "Sí", "b_Field10": 20, "b_Field11": "No", "b_Field12": 15, "b_Field13": "10mo. Año de Educación General Básica – EGB (3er. Curso sistema anterior)", "b_Field14": 0, "b_Field15": null, "b_Field16": 0, "b_Field17": "No", "b_Field18": 0, "b_Field19": 0, "b_Field20": "No", "b_Field21": 53.7, "b_Field22": 152, "b_Field23": 23, "b_Field24": "Normal", "b_Field25": "No", "b_Field26": null, "b_Field27": "No", "b_Field28": "Ladrillo o bloque?", "b_Field29": "Tierra?", "b_Field30": "Por tubería, fuera de la vivienda pero dentro del edificio, lote o terreno?", "b_Field31": " Juntas de Agua/Organizaciones comunitarias/GAD parroquial?", "b_Field32": " Inodoro o escusado, conectado a pozo séptico?", "b_Field33": 6, "b_Field34": 1, "b_Field35": 2, "b_Field36": 2, "b_Field37": "JAIME CHISAG  PAUCAR", "b_Field38": 35, "b_Field39": "7mo. Año de Educación General Básica – EGB (6to. Grado sistema anterior)", "b_Field40": "Sí", "b_Field41": " Indígena" }, "geometry": { "type": "Point", "coordinates": [ -79.122961635132825, -1.351494929782132 ] } },
{ "type": "Feature", "properties": { "id": 3280, "b_Field2": "Proyecto Guaranda", "b_Field3": "2025/05/27", "b_Field4": "BOLIVAR", "b_Field5": "GUARANDA", "b_Field6": "SALINAS", "b_Field7": "BARRIO MIRAFLORES ALTO", "b_Field8": "Rural", "b_Field9": "Sí", "b_Field10": 24, "b_Field11": "No", "b_Field12": 33, "b_Field13": "3er. Año de Bachillerato (6to. Curso sistema anterior)", "b_Field14": 0, "b_Field15": null, "b_Field16": 0, "b_Field17": "No", "b_Field18": 2, "b_Field19": 0, "b_Field20": "No", "b_Field21": 69.9, "b_Field22": 153, "b_Field23": 30, "b_Field24": "Sobre peso", "b_Field25": "No", "b_Field26": null, "b_Field27": "No", "b_Field28": "Ladrillo o bloque?", "b_Field29": "Ladrillo o cemento?", "b_Field30": "Por tubería, fuera de la vivienda pero dentro del edificio, lote o terreno?", "b_Field31": " Juntas de Agua/Organizaciones comunitarias/GAD parroquial?", "b_Field32": " Inodoro o escusado, conectado a pozo séptico?", "b_Field33": 4, "b_Field34": 2, "b_Field35": 0, "b_Field36": 0, "b_Field37": "ADRIAN RUIZ", "b_Field38": 38, "b_Field39": "3er. Año de Bachillerato (6to. Curso sistema anterior)", "b_Field40": "Sí", "b_Field41": " Indígena" }, "geometry": { "type": "Point", "coordinates": [ -79.111206723541628, -1.363307285394818 ] } },
{ "type": "Feature", "properties": { "id": 3281, "b_Field2": "Proyecto Guaranda", "b_Field3": "2025/05/27", "b_Field4": "BOLIVAR", "b_Field5": "GUARANDA", "b_Field6": "SALINAS", "b_Field7": "SALINAS  CENTRO", "b_Field8": "Rural", "b_Field9": "Sí", "b_Field10": 24, "b_Field11": "No", "b_Field12": 44, "b_Field13": "7mo. Año de Educación General Básica – EGB (6to. Grado sistema anterior)", "b_Field14": 0, "b_Field15": null, "b_Field16": 0, "b_Field17": "No", "b_Field18": 1, "b_Field19": 0, "b_Field20": "No", "b_Field21": 57.2, "b_Field22": 151, "b_Field23": 25, "b_Field24": "Sobre peso", "b_Field25": "No", "b_Field26": null, "b_Field27": "Sí", "b_Field28": "Ladrillo o bloque?", "b_Field29": "Ladrillo o cemento?", "b_Field30": "Por tubería, fuera de la vivienda pero dentro del edificio, lote o terreno?", "b_Field31": " Juntas de Agua/Organizaciones comunitarias/GAD parroquial?", "b_Field32": " Inodoro o escusado, conectado a red pública de alcantarillado?", "b_Field33": 3, "b_Field34": 2, "b_Field35": 0, "b_Field36": 0, "b_Field37": "ELVIA CENAYDA PUNGAÑA PUNGAÑA", "b_Field38": 44, "b_Field39": "7mo. Año de Educación General Básica – EGB (6to. Grado sistema anterior)", "b_Field40": "Sí", "b_Field41": " Mestiza" }, "geometry": { "type": "Point", "coordinates": [ -79.120494301212076, -1.36303968073762 ] } },
{ "type": "Feature", "properties": { "id": 3282, "b_Field2": "Proyecto Guaranda", "b_Field3": "2025/06/24", "b_Field4": "BOLIVAR", "b_Field5": "GUARANDA", "b_Field6": "SALINAS", "b_Field7": "APAHUA", "b_Field8": "Rural", "b_Field9": "Sí", "b_Field10": 20, "b_Field11": "Sí", "b_Field12": 26, "b_Field13": "9no. Año de Educación General Básica – EGB (2do. Curso sistema anterior)", "b_Field14": 0, "b_Field15": null, "b_Field16": 0, "b_Field17": "No", "b_Field18": 1, "b_Field19": 0, "b_Field20": "Sí", "b_Field21": 52.4, "b_Field22": 160, "b_Field23": 20, "b_Field24": "Normal", "b_Field25": "Sí", "b_Field26": "Bono de Desarrollo Humano", "b_Field27": "No", "b_Field28": "Ladrillo o bloque?", "b_Field29": "Ladrillo o cemento?", "b_Field30": "Por tubería, fuera de la vivienda pero dentro del edificio, lote o terreno?", "b_Field31": " Juntas de Agua/Organizaciones comunitarias/GAD parroquial?", "b_Field32": " Inodoro o escusado, conectado a red pública de alcantarillado?", "b_Field33": 4, "b_Field34": 1, "b_Field35": 1, "b_Field36": 1, "b_Field37": "LUIS ENRIQUE QUINGAGUANO CHACHA", "b_Field38": 35, "b_Field39": "7mo. Año de Educación General Básica – EGB (6to. Grado sistema anterior)", "b_Field40": "Sí", "b_Field41": " Mestiza" }, "geometry": { "type": "Point", "coordinates": [ -79.137431265413895, -1.361678309903666 ] } },
{ "type": "Feature", "properties": { "id": 3283, "b_Field2": "Proyecto Guaranda", "b_Field3": "2025/06/24", "b_Field4": "BOLIVAR", "b_Field5": "GUARANDA", "b_Field6": "SALINAS", "b_Field7": "PIZCOQUERO", "b_Field8": "Rural", "b_Field9": "Sí", "b_Field10": 34, "b_Field11": "Sí", "b_Field12": 23, "b_Field13": "3er. Año de Bachillerato (6to. Curso sistema anterior)", "b_Field14": 0, "b_Field15": null, "b_Field16": 0, "b_Field17": "No", "b_Field18": 1, "b_Field19": 0, "b_Field20": "No", "b_Field21": 48.9, "b_Field22": 152, "b_Field23": 21, "b_Field24": "Normal", "b_Field25": "Sí", "b_Field26": "Bono de Desarrollo Humano Variable", "b_Field27": "Sí", "b_Field28": "Madera?", "b_Field29": "Tabla sin tratar?", "b_Field30": "Por tubería, fuera del edificio, lote o terreno?", "b_Field31": " Juntas de Agua/Organizaciones comunitarias/GAD parroquial?", "b_Field32": " Letrina?", "b_Field33": 3, "b_Field34": 2, "b_Field35": 0, "b_Field36": 0, "b_Field37": "SILVIA PRISCILA ASAS INFANTE", "b_Field38": 23, "b_Field39": "3er. Año de Bachillerato (6to. Curso sistema anterior)", "b_Field40": "No", "b_Field41": " Indígena" }, "geometry": { "type": "Point", "coordinates": [ -79.113111734924303, -1.372381134503515 ] } },
{ "type": "Feature", "properties": { "id": 3284, "b_Field2": "Proyecto Guaranda", "b_Field3": "2025/06/24", "b_Field4": "BOLIVAR", "b_Field5": "GUARANDA", "b_Field6": "SALINAS", "b_Field7": "BARRIO LOS TOMABELAS", "b_Field8": "Rural", "b_Field9": "Sí", "b_Field10": 8, "b_Field11": "No", "b_Field12": 28, "b_Field13": "10mo. Año de Educación General Básica – EGB (3er. Curso sistema anterior)", "b_Field14": 0, "b_Field15": null, "b_Field16": 0, "b_Field17": "No", "b_Field18": 1, "b_Field19": 0, "b_Field20": "No", "b_Field21": 62.9, "b_Field22": 151, "b_Field23": 28, "b_Field24": "Sobre peso", "b_Field25": "No", "b_Field26": null, "b_Field27": "No", "b_Field28": "Ladrillo o bloque?", "b_Field29": "Cerámica, baldosa, vinil o porcelanato?", "b_Field30": "Por tubería, dentro de la vivienda?", "b_Field31": " Juntas de Agua/Organizaciones comunitarias/GAD parroquial?", "b_Field32": " Inodoro o escusado, conectado a red pública de alcantarillado?", "b_Field33": 3, "b_Field34": 1, "b_Field35": 1, "b_Field36": 1, "b_Field37": "EDISON FABIAN GUALAN CHASI", "b_Field38": 28, "b_Field39": "3er. Año de Bachillerato (6to. Curso sistema anterior)", "b_Field40": "Sí", "b_Field41": " Mestiza" }, "geometry": { "type": "Point", "coordinates": [ -79.126768422724979, -1.374041470579119 ] } },
{ "type": "Feature", "properties": { "id": 3285, "b_Field2": "Proyecto Guaranda", "b_Field3": "2025/06/24", "b_Field4": "BOLIVAR", "b_Field5": "GUARANDA", "b_Field6": "SALINAS", "b_Field7": "LOS ARRAYANES", "b_Field8": "Rural", "b_Field9": "Sí", "b_Field10": 12, "b_Field11": "No", "b_Field12": 17, "b_Field13": "2do. Año de Bachillerato (5to. Curso sistema anterior)", "b_Field14": 0, "b_Field15": null, "b_Field16": 0, "b_Field17": "No", "b_Field18": 0, "b_Field19": 0, "b_Field20": "Sí", "b_Field21": 53.7, "b_Field22": 148, "b_Field23": 25, "b_Field24": "Normal", "b_Field25": "No", "b_Field26": null, "b_Field27": "No", "b_Field28": "Ladrillo o bloque?", "b_Field29": "Tierra?", "b_Field30": "Por tubería, fuera de la vivienda pero dentro del edificio, lote o terreno?", "b_Field31": " Juntas de Agua/Organizaciones comunitarias/GAD parroquial?", "b_Field32": " Letrina?", "b_Field33": 4, "b_Field34": 1, "b_Field35": 0, "b_Field36": 0, "b_Field37": "SEGUNDO LUCAS TIBIANO TIBIANO", "b_Field38": 53, "b_Field39": "3er. Año de Educación General Básica – EGB (2do. Grado sistema anterior)", "b_Field40": "Sí", "b_Field41": " Indígena" }, "geometry": { "type": "Point", "coordinates": [ -79.159833524433836, -1.357846652110914 ] } },
{ "type": "Feature", "properties": { "id": 3286, "b_Field2": "Proyecto Guaranda", "b_Field3": "2025/06/24", "b_Field4": "BOLIVAR", "b_Field5": "GUARANDA", "b_Field6": "SALINAS", "b_Field7": "APAHUA", "b_Field8": "Rural", "b_Field9": "Sí", "b_Field10": 29, "b_Field11": "No", "b_Field12": 13, "b_Field13": "8vo. Año de Educación General Básica – EGB (1er. Curso sistema anterior)", "b_Field14": 0, "b_Field15": null, "b_Field16": 0, "b_Field17": "No", "b_Field18": 0, "b_Field19": 0, "b_Field20": "No", "b_Field21": 41.1, "b_Field22": 148, "b_Field23": 19, "b_Field24": "Normal", "b_Field25": "No", "b_Field26": null, "b_Field27": "No", "b_Field28": "Ladrillo o bloque?", "b_Field29": "Ladrillo o cemento?", "b_Field30": "Por tubería, fuera de la vivienda pero dentro del edificio, lote o terreno?", "b_Field31": " Juntas de Agua/Organizaciones comunitarias/GAD parroquial?", "b_Field32": " Inodoro o escusado, conectado a pozo séptico?", "b_Field33": 6, "b_Field34": 2, "b_Field35": 2, "b_Field36": 2, "b_Field37": "HILDA MARLENE QUINGAGUANO NAJERA", "b_Field38": 36, "b_Field39": "7mo. Año de Educación General Básica – EGB (6to. Grado sistema anterior)", "b_Field40": "Sí", "b_Field41": " Indígena" }, "geometry": { "type": "Point", "coordinates": [ -79.137441348772597, -1.348481993086313 ] } },
{ "type": "Feature", "properties": { "id": 3287, "b_Field2": "Proyecto Guaranda", "b_Field3": "2025/06/24", "b_Field4": "BOLIVAR", "b_Field5": "GUARANDA", "b_Field6": "SALINAS", "b_Field7": "PACHANCHO", "b_Field8": "Rural", "b_Field9": "Sí", "b_Field10": 13, "b_Field11": "No", "b_Field12": 18, "b_Field13": "1ro. Año de Bachillerato (4to. Curso sistema anterior)", "b_Field14": 0, "b_Field15": null, "b_Field16": 0, "b_Field17": "No", "b_Field18": 1, "b_Field19": 0, "b_Field20": "No", "b_Field21": 50.1, "b_Field22": 145, "b_Field23": 24, "b_Field24": "Normal", "b_Field25": "No", "b_Field26": null, "b_Field27": "No", "b_Field28": "Ladrillo o bloque?", "b_Field29": "Ladrillo o cemento?", "b_Field30": "Por tubería, fuera de la vivienda pero dentro del edificio, lote o terreno?", "b_Field31": " Juntas de Agua/Organizaciones comunitarias/GAD parroquial?", "b_Field32": " Inodoro o escusado, conectado a pozo séptico?", "b_Field33": 8, "b_Field34": 3, "b_Field35": 3, "b_Field36": 3, "b_Field37": "ANGEL POAQUIZA", "b_Field38": 49, "b_Field39": "7mo. Año de Educación General Básica – EGB (6to. Grado sistema anterior)", "b_Field40": "Sí", "b_Field41": " Indígena" }, "geometry": { "type": "Point", "coordinates": [ -79.137425338064901, -1.369376160676926 ] } },
{ "type": "Feature", "properties": { "id": 3288, "b_Field2": "Proyecto Guaranda", "b_Field3": "2025/06/24", "b_Field4": "BOLIVAR", "b_Field5": "GUARANDA", "b_Field6": "GABRIEL IGNACIO VEINTIMILLA", "b_Field7": "EL CHORRO", "b_Field8": "Rural", "b_Field9": "Sí", "b_Field10": 24, "b_Field11": "Sí", "b_Field12": 18, "b_Field13": "10mo. Año de Educación General Básica – EGB (3er. Curso sistema anterior)", "b_Field14": 0, "b_Field15": null, "b_Field16": 0, "b_Field17": "No", "b_Field18": 1, "b_Field19": 0, "b_Field20": "No", "b_Field21": 54.3, "b_Field22": 157, "b_Field23": 22, "b_Field24": "Normal", "b_Field25": "Sí", "b_Field26": "Bono Infancia con Futuro (1000 días)", "b_Field27": "No", "b_Field28": "Ladrillo o bloque?", "b_Field29": "Tierra?", "b_Field30": "Por tubería, fuera de la vivienda pero dentro del edificio, lote o terreno?", "b_Field31": " Juntas de Agua/Organizaciones comunitarias/GAD parroquial?", "b_Field32": " Inodoro o escusado, conectado a pozo séptico?", "b_Field33": 6, "b_Field34": 2, "b_Field35": 0, "b_Field36": 0, "b_Field37": "0", "b_Field38": 36, "b_Field39": "9no. Año de Educación General Básica – EGB (2do. Curso sistema anterior)", "b_Field40": "Sí", "b_Field41": " Indígena" }, "geometry": { "type": "Point", "coordinates": [ -78.922049265994815, -1.59103211107059 ] } },
{ "type": "Feature", "properties": { "id": 3301, "b_Field2": "Proyecto Guaranda", "b_Field3": "2025/05/19", "b_Field4": "BOLIVAR", "b_Field5": "GUARANDA", "b_Field6": "GABRIEL IGNACIO VEINTIMILLA", "b_Field7": "CALLE ROCUERTE Y SUCRE", "b_Field8": "Urbano", "b_Field9": "Sí", "b_Field10": 24, "b_Field11": "Sí", "b_Field12": 27, "b_Field13": "1ro. Año de Bachillerato (4to. Curso sistema anterior)", "b_Field14": 0, "b_Field15": null, "b_Field16": 0, "b_Field17": "No", "b_Field18": 1, "b_Field19": 0, "b_Field20": "No", "b_Field21": 47.6, "b_Field22": 146, "b_Field23": 22, "b_Field24": "Normal", "b_Field25": "Sí", "b_Field26": "Bono de Desarrollo Humano", "b_Field27": "Sí", "b_Field28": "Adobe o tapia?", "b_Field29": "Tierra?", "b_Field30": "Por tubería, dentro de la vivienda?", "b_Field31": " Juntas de Agua/Organizaciones comunitarias/GAD parroquial?", "b_Field32": " Inodoro o escusado, conectado a pozo séptico?", "b_Field33": 3, "b_Field34": 1, "b_Field35": 1, "b_Field36": 1, "b_Field37": "NORMA BEATRIZ CHIMBOLEMA MUYULEMA", "b_Field38": 27, "b_Field39": "1ro. Año de Bachillerato (4to. Curso sistema anterior)", "b_Field40": "No", "b_Field41": " Indígena" }, "geometry": { "type": "Point", "coordinates": [ -78.931275600370014, -1.583619446667838 ] } },
{ "type": "Feature", "properties": { "id": 3302, "b_Field2": "Proyecto Guaranda", "b_Field3": "2025/05/19", "b_Field4": "BOLIVAR", "b_Field5": "GUARANDA", "b_Field6": "GABRIEL IGNACIO VEINTIMILLA", "b_Field7": "PIRCAPAMBA", "b_Field8": "Rural", "b_Field9": "Sí", "b_Field10": 12, "b_Field11": "Sí", "b_Field12": 25, "b_Field13": "3er. Año de Bachillerato (6to. Curso sistema anterior)", "b_Field14": 0, "b_Field15": null, "b_Field16": 0, "b_Field17": "No", "b_Field18": 1, "b_Field19": 0, "b_Field20": "No", "b_Field21": 62.8, "b_Field22": 153, "b_Field23": 27, "b_Field24": "Sobre peso", "b_Field25": "Sí", "b_Field26": "Bono de Desarrollo Humano", "b_Field27": "Sí", "b_Field28": "Ladrillo o bloque?", "b_Field29": "Ladrillo o cemento?", "b_Field30": "Por tubería, fuera de la vivienda pero dentro del edificio, lote o terreno?", "b_Field31": " Juntas de Agua/Organizaciones comunitarias/GAD parroquial?", "b_Field32": " Inodoro o escusado, conectado a pozo séptico?", "b_Field33": 7, "b_Field34": 4, "b_Field35": 1, "b_Field36": 1, "b_Field37": "NANCYFABIOLA CHIMBORAZO PUNGAÑA", "b_Field38": 25, "b_Field39": "3er. Año de Bachillerato (6to. Curso sistema anterior)", "b_Field40": "No", "b_Field41": " Indígena" }, "geometry": { "type": "Point", "coordinates": [ -78.921236124966356, -1.584708884698869 ] } },
{ "type": "Feature", "properties": { "id": 3303, "b_Field2": "Proyecto Guaranda", "b_Field3": "2025/05/19", "b_Field4": "BOLIVAR", "b_Field5": "GUARANDA", "b_Field6": "GABRIEL IGNACIO VEINTIMILLA", "b_Field7": "EL PONGO", "b_Field8": "Rural", "b_Field9": "Sí", "b_Field10": 24, "b_Field11": "Sí", "b_Field12": 22, "b_Field13": "3er. Año de Bachillerato (6to. Curso sistema anterior)", "b_Field14": 0, "b_Field15": null, "b_Field16": 0, "b_Field17": "No", "b_Field18": 0, "b_Field19": 1, "b_Field20": "No", "b_Field21": 87.0, "b_Field22": 161, "b_Field23": 34, "b_Field24": "Obesidad", "b_Field25": "Sí", "b_Field26": "Bono Infancia con Futuro (1000 días)", "b_Field27": "Sí", "b_Field28": "Ladrillo o bloque?", "b_Field29": "Ladrillo o cemento?", "b_Field30": "Por tubería, dentro de la vivienda?", "b_Field31": " Juntas de Agua/Organizaciones comunitarias/GAD parroquial?", "b_Field32": " Inodoro o escusado, conectado a pozo séptico?", "b_Field33": 5, "b_Field34": 2, "b_Field35": 0, "b_Field36": 0, "b_Field37": "MIRIAN GEOCONDA CHIMBORAZO PUNGAÑA", "b_Field38": 22, "b_Field39": "3er. Año de Bachillerato (6to. Curso sistema anterior)", "b_Field40": "Sí", "b_Field41": " Indígena" }, "geometry": { "type": "Point", "coordinates": [ -78.958658992016723, -1.584196561188898 ] } },
{ "type": "Feature", "properties": { "id": 3304, "b_Field2": "Proyecto Guaranda", "b_Field3": "2025/06/13", "b_Field4": "BOLIVAR", "b_Field5": "GUARANDA", "b_Field6": "GABRIEL IGNACIO VEINTIMILLA", "b_Field7": "SELVA ALEGRE Y PICHINCHA", "b_Field8": "Urbano", "b_Field9": "Sí", "b_Field10": 16, "b_Field11": "No", "b_Field12": 17, "b_Field13": "10mo. Año de Educación General Básica – EGB (3er. Curso sistema anterior)", "b_Field14": 0, "b_Field15": null, "b_Field16": 0, "b_Field17": "No", "b_Field18": 0, "b_Field19": 0, "b_Field20": "Sí", "b_Field21": 44.8, "b_Field22": 152, "b_Field23": 19, "b_Field24": "Normal", "b_Field25": "No", "b_Field26": null, "b_Field27": "No", "b_Field28": "Ladrillo o bloque?", "b_Field29": "Tabla sin tratar?", "b_Field30": "Por tubería, fuera de la vivienda pero dentro del edificio, lote o terreno?", "b_Field31": " Juntas de Agua/Organizaciones comunitarias/GAD parroquial?", "b_Field32": " Inodoro o escusado, conectado a pozo séptico?", "b_Field33": 8, "b_Field34": 2, "b_Field35": 1, "b_Field36": 1, "b_Field37": "HERNAN RAMOS", "b_Field38": 22, "b_Field39": "3er. Año de Bachillerato (6to. Curso sistema anterior)", "b_Field40": "No", "b_Field41": " Indígena" }, "geometry": { "type": "Point", "coordinates": [ -78.934621332536153, -1.584035139156049 ] } },
{ "type": "Feature", "properties": { "id": 3305, "b_Field2": "Proyecto Guaranda", "b_Field3": "2025/06/13", "b_Field4": "BOLIVAR", "b_Field5": "GUARANDA", "b_Field6": "GABRIEL IGNACIO VEINTIMILLA", "b_Field7": "JUAN XXIII", "b_Field8": "Urbano", "b_Field9": "Sí", "b_Field10": 20, "b_Field11": "Sí", "b_Field12": 35, "b_Field13": "7mo. Año de Educación General Básica – EGB (6to. Grado sistema anterior)", "b_Field14": 0, "b_Field15": null, "b_Field16": 0, "b_Field17": "No", "b_Field18": 1, "b_Field19": 0, "b_Field20": "No", "b_Field21": 54.0, "b_Field22": 146, "b_Field23": 25, "b_Field24": "Sobre peso", "b_Field25": "Sí", "b_Field26": "Bono de Desarrollo Humano", "b_Field27": "Sí", "b_Field28": "Adobe o tapia?", "b_Field29": "Tierra?", "b_Field30": "Por tubería, fuera de la vivienda pero dentro del edificio, lote o terreno?", "b_Field31": " Juntas de Agua/Organizaciones comunitarias/GAD parroquial?", "b_Field32": " Inodoro o escusado, conectado a pozo séptico?", "b_Field33": 2, "b_Field34": 1, "b_Field35": 1, "b_Field36": 1, "b_Field37": "MARITZA ISABEL VILLENA CHAQUINGA", "b_Field38": 35, "b_Field39": "7mo. Año de Educación General Básica – EGB (6to. Grado sistema anterior)", "b_Field40": "No", "b_Field41": " Mestiza" }, "geometry": { "type": "Point", "coordinates": [ -78.936661948166673, -1.592146432300719 ] } },
{ "type": "Feature", "properties": { "id": 3306, "b_Field2": "Proyecto Guaranda", "b_Field3": "2025/06/13", "b_Field4": "BOLIVAR", "b_Field5": "GUARANDA", "b_Field6": "GABRIEL IGNACIO VEINTIMILLA", "b_Field7": "EL CASTILLO", "b_Field8": "Rural", "b_Field9": "Sí", "b_Field10": 16, "b_Field11": "Sí", "b_Field12": 28, "b_Field13": "3er. Año de Bachillerato (6to. Curso sistema anterior)", "b_Field14": 0, "b_Field15": null, "b_Field16": 0, "b_Field17": "No", "b_Field18": 2, "b_Field19": 0, "b_Field20": "No", "b_Field21": 67.4, "b_Field22": 155, "b_Field23": 28, "b_Field24": "Sobre peso", "b_Field25": "Sí", "b_Field26": "Bono de Desarrollo Humano Variable", "b_Field27": "Sí", "b_Field28": "Adobe o tapia?", "b_Field29": "Tierra?", "b_Field30": "Por tubería, fuera de la vivienda pero dentro del edificio, lote o terreno?", "b_Field31": " Juntas de Agua/Organizaciones comunitarias/GAD parroquial?", "b_Field32": " Inodoro o escusado, conectado a pozo séptico?", "b_Field33": 3, "b_Field34": 1, "b_Field35": 1, "b_Field36": 1, "b_Field37": "JESSICA MARIBEL YAZUMA CUNALATA", "b_Field38": 28, "b_Field39": "3er. Año de Bachillerato (6to. Curso sistema anterior)", "b_Field40": "No", "b_Field41": " Indígena" }, "geometry": { "type": "Point", "coordinates": [ -78.948818799647597, -1.59078418361959 ] } },
{ "type": "Feature", "properties": { "id": 3307, "b_Field2": "Proyecto Guaranda", "b_Field3": "2025/06/25", "b_Field4": "BOLIVAR", "b_Field5": "GUARANDA", "b_Field6": "GABRIEL IGNACIO VEINTIMILLA", "b_Field7": "PLAZA ROJA", "b_Field8": "Urbano", "b_Field9": "Sí", "b_Field10": 12, "b_Field11": "Sí", "b_Field12": 32, "b_Field13": "3er. Año de Bachillerato (6to. Curso sistema anterior)", "b_Field14": 0, "b_Field15": null, "b_Field16": 0, "b_Field17": "No", "b_Field18": 1, "b_Field19": 0, "b_Field20": "No", "b_Field21": 76.4, "b_Field22": 157, "b_Field23": 31, "b_Field24": "Obesidad", "b_Field25": "Sí", "b_Field26": "Bono Infancia con Futuro (1000 días)", "b_Field27": "Sí", "b_Field28": "Ladrillo o bloque?", "b_Field29": "Ladrillo o cemento?", "b_Field30": "Por tubería, fuera de la vivienda pero dentro del edificio, lote o terreno?", "b_Field31": " Juntas de Agua/Organizaciones comunitarias/GAD parroquial?", "b_Field32": " Inodoro o escusado, conectado a pozo séptico?", "b_Field33": 3, "b_Field34": 1, "b_Field35": 1, "b_Field36": 1, "b_Field37": "DIANA PATRICIA VALVERDE ZAPATA", "b_Field38": 32, "b_Field39": "3er. Año de Bachillerato (6to. Curso sistema anterior)", "b_Field40": "Sí", "b_Field41": " Mestiza" }, "geometry": { "type": "Point", "coordinates": [ -78.944714206682008, -1.598064686907751 ] } },
{ "type": "Feature", "properties": { "id": 3308, "b_Field2": "Proyecto Guaranda", "b_Field3": "2025/06/26", "b_Field4": "BOLIVAR", "b_Field5": "GUARANDA", "b_Field6": "GABRIEL IGNACIO VEINTIMILLA", "b_Field7": "5 DE JUNIO Y LOS LIRIOS", "b_Field8": "Urbano", "b_Field9": "Sí", "b_Field10": 20, "b_Field11": "Sí", "b_Field12": 31, "b_Field13": "3er. Año de Bachillerato (6to. Curso sistema anterior)", "b_Field14": 0, "b_Field15": null, "b_Field16": 0, "b_Field17": "No", "b_Field18": 2, "b_Field19": 0, "b_Field20": "Sí", "b_Field21": 81.4, "b_Field22": 142, "b_Field23": 40, "b_Field24": "Obesidad", "b_Field25": "Sí", "b_Field26": "Bono Infancia con Futuro (1000 días)", "b_Field27": "Sí", "b_Field28": "Ladrillo o bloque?", "b_Field29": "Tabla sin tratar?", "b_Field30": "Por tubería, fuera de la vivienda pero dentro del edificio, lote o terreno?", "b_Field31": " Juntas de Agua/Organizaciones comunitarias/GAD parroquial?", "b_Field32": " Inodoro o escusado, conectado a pozo séptico?", "b_Field33": 4, "b_Field34": 1, "b_Field35": 1, "b_Field36": 1, "b_Field37": "ANA LUCIA TIXI GUAMBUGUETE", "b_Field38": 31, "b_Field39": "3er. Año de Bachillerato (6to. Curso sistema anterior)", "b_Field40": "No", "b_Field41": " Mestiza" }, "geometry": { "type": "Point", "coordinates": [ -78.930513203154646, -1.59488911542433 ] } },
{ "type": "Feature", "properties": { "id": 3309, "b_Field2": "Proyecto Guaranda", "b_Field3": "2025/06/26", "b_Field4": "BOLIVAR", "b_Field5": "GUARANDA", "b_Field6": "GABRIEL IGNACIO VEINTIMILLA", "b_Field7": "LAGUACOTO BAJO", "b_Field8": "Rural", "b_Field9": "Sí", "b_Field10": 4, "b_Field11": "No", "b_Field12": 18, "b_Field13": "1ro. Año de Bachillerato (4to. Curso sistema anterior)", "b_Field14": 0, "b_Field15": null, "b_Field16": 0, "b_Field17": "No", "b_Field18": 0, "b_Field19": 0, "b_Field20": "No", "b_Field21": 52.1, "b_Field22": 150, "b_Field23": 23, "b_Field24": "Normal", "b_Field25": "No", "b_Field26": null, "b_Field27": "No", "b_Field28": "Adobe o tapia?", "b_Field29": "Tierra?", "b_Field30": "Por tubería, fuera de la vivienda pero dentro del edificio, lote o terreno?", "b_Field31": " Juntas de Agua/Organizaciones comunitarias/GAD parroquial?", "b_Field32": " Inodoro o escusado, conectado a pozo séptico?", "b_Field33": 8, "b_Field34": 2, "b_Field35": 2, "b_Field36": 2, "b_Field37": "FAUSTO LEMA", "b_Field38": 42, "b_Field39": "8vo. Año de Educación General Básica – EGB (1er. Curso sistema anterior)", "b_Field40": "Sí", "b_Field41": " Indígena" }, "geometry": { "type": "Point", "coordinates": [ -78.926708182009392, -1.575643100804717 ] } },
{ "type": "Feature", "properties": { "id": 3310, "b_Field2": "Proyecto Guaranda", "b_Field3": "2025/06/26", "b_Field4": "BOLIVAR", "b_Field5": "GUARANDA", "b_Field6": "GABRIEL IGNACIO VEINTIMILLA", "b_Field7": "PALTABAMBA ", "b_Field8": "Rural", "b_Field9": "Sí", "b_Field10": 4, "b_Field11": "No", "b_Field12": 18, "b_Field13": "1ro. Año de Bachillerato (4to. Curso sistema anterior)", "b_Field14": 0, "b_Field15": null, "b_Field16": 0, "b_Field17": "No", "b_Field18": 0, "b_Field19": 0, "b_Field20": "No", "b_Field21": 52.1, "b_Field22": 150, "b_Field23": 23, "b_Field24": "Normal", "b_Field25": "No", "b_Field26": null, "b_Field27": "No", "b_Field28": "Adobe o tapia?", "b_Field29": "Tierra?", "b_Field30": "Por tubería, fuera de la vivienda pero dentro del edificio, lote o terreno?", "b_Field31": " Juntas de Agua/Organizaciones comunitarias/GAD parroquial?", "b_Field32": " Inodoro o escusado, conectado a pozo séptico?", "b_Field33": 8, "b_Field34": 2, "b_Field35": 2, "b_Field36": 2, "b_Field37": "FAUSTO LEMA", "b_Field38": 42, "b_Field39": "8vo. Año de Educación General Básica – EGB (1er. Curso sistema anterior)", "b_Field40": "Sí", "b_Field41": " Indígena" }, "geometry": { "type": "Point", "coordinates": [ -78.951419894107303, -1.584601708215855 ] } },
{ "type": "Feature", "properties": { "id": 3311, "b_Field2": "Proyecto Guaranda", "b_Field3": "2025/06/26", "b_Field4": "BOLIVAR", "b_Field5": "GUARANDA", "b_Field6": "GABRIEL IGNACIO VEINTIMILLA", "b_Field7": "LAGUACOTO ", "b_Field8": "Rural", "b_Field9": "Sí", "b_Field10": 12, "b_Field11": "No", "b_Field12": 36, "b_Field13": "3er. Año de Bachillerato (6to. Curso sistema anterior)", "b_Field14": 0, "b_Field15": null, "b_Field16": 0, "b_Field17": "No", "b_Field18": 3, "b_Field19": 0, "b_Field20": "No", "b_Field21": 64.6, "b_Field22": 150, "b_Field23": 29, "b_Field24": "Sobre peso", "b_Field25": "No", "b_Field26": null, "b_Field27": "No", "b_Field28": "Ladrillo o bloque?", "b_Field29": "Ladrillo o cemento?", "b_Field30": "Por tubería, dentro de la vivienda?", "b_Field31": " Empresa pública/Municipio?", "b_Field32": " Inodoro o escusado, conectado a pozo séptico?", "b_Field33": 5, "b_Field34": 2, "b_Field35": 1, "b_Field36": 1, "b_Field37": "HUGO GEOVANNY PEREZ YEPEZ", "b_Field38": 41, "b_Field39": "3er. Año de Bachillerato (6to. Curso sistema anterior)", "b_Field40": "Sí", "b_Field41": " Mestiza" }, "geometry": { "type": "Point", "coordinates": [ -78.93365106076179, -1.598328403687821 ] } },
{ "type": "Feature", "properties": { "id": 3312, "b_Field2": "Proyecto Guaranda", "b_Field3": "2025/06/27", "b_Field4": "BOLIVAR", "b_Field5": "GUARANDA", "b_Field6": "ÁNGEL POLIBIO CHÁVES", "b_Field7": "MARCOPAMBA", "b_Field8": "Urbano", "b_Field9": "Sí", "b_Field10": 8, "b_Field11": "Sí", "b_Field12": 23, "b_Field13": "3er. Año de Bachillerato (6to. Curso sistema anterior)", "b_Field14": 0, "b_Field15": null, "b_Field16": 0, "b_Field17": "No", "b_Field18": 1, "b_Field19": 0, "b_Field20": "No", "b_Field21": 61.5, "b_Field22": 150, "b_Field23": 27, "b_Field24": "Sobre peso", "b_Field25": "Sí", "b_Field26": "Bono de Desarrollo Humano", "b_Field27": "Sí", "b_Field28": "Ladrillo o bloque?", "b_Field29": "Cerámica, baldosa, vinil o porcelanato?", "b_Field30": "Por tubería, fuera de la vivienda pero dentro del edificio, lote o terreno?", "b_Field31": " Juntas de Agua/Organizaciones comunitarias/GAD parroquial?", "b_Field32": " Inodoro o escusado, conectado a pozo séptico?", "b_Field33": 2, "b_Field34": 1, "b_Field35": 0, "b_Field36": 0, "b_Field37": "MARIA NATIVIDAD HINOJOSA FAJARDO", "b_Field38": 23, "b_Field39": "3er. Año de Bachillerato (6to. Curso sistema anterior)", "b_Field40": "No", "b_Field41": " Mestiza" }, "geometry": { "type": "Point", "coordinates": [ -79.129256797145629, -1.504427984388853 ] } },
{ "type": "Feature", "properties": { "id": 3313, "b_Field2": "Proyecto Guaranda", "b_Field3": "2025/06/27", "b_Field4": "BOLIVAR", "b_Field5": "GUARANDA", "b_Field6": "GABRIEL IGNACIO VEINTIMILLA", "b_Field7": "CASIPAMBA", "b_Field8": "Rural", "b_Field9": "Sí", "b_Field10": 20, "b_Field11": "No", "b_Field12": 36, "b_Field13": "3er. Año de Bachillerato (6to. Curso sistema anterior)", "b_Field14": 0, "b_Field15": null, "b_Field16": 0, "b_Field17": "No", "b_Field18": 2, "b_Field19": 0, "b_Field20": "No", "b_Field21": 72.1, "b_Field22": 157, "b_Field23": 29, "b_Field24": "Sobre peso", "b_Field25": "No", "b_Field26": null, "b_Field27": "No", "b_Field28": "Adobe o tapia?", "b_Field29": "Ladrillo o cemento?", "b_Field30": "Por tubería, fuera del edificio, lote o terreno?", "b_Field31": " Juntas de Agua/Organizaciones comunitarias/GAD parroquial?", "b_Field32": " Inodoro o escusado, conectado a pozo séptico?", "b_Field33": 4, "b_Field34": 2, "b_Field35": 2, "b_Field36": 2, "b_Field37": "JORGE MESIAS GRAMAL CHARIGUAMAN", "b_Field38": 33, "b_Field39": "3er. Año de Bachillerato (6to. Curso sistema anterior)", "b_Field40": "Sí", "b_Field41": " Indígena" }, "geometry": { "type": "Point", "coordinates": [ -78.95482923476871, -1.589828063698915 ] } },
{ "type": "Feature", "properties": { "id": 3314, "b_Field2": "Proyecto Guaranda", "b_Field3": "2025/06/27", "b_Field4": "BOLIVAR", "b_Field5": "GUARANDA", "b_Field6": "GABRIEL IGNACIO VEINTIMILLA", "b_Field7": "EL CASTILLO ALTO", "b_Field8": "Rural", "b_Field9": "Sí", "b_Field10": 8, "b_Field11": "Sí", "b_Field12": 34, "b_Field13": "3er. Año de Bachillerato (6to. Curso sistema anterior)", "b_Field14": 0, "b_Field15": null, "b_Field16": 0, "b_Field17": "No", "b_Field18": 2, "b_Field19": 0, "b_Field20": "No", "b_Field21": 47.0, "b_Field22": 145, "b_Field23": 22, "b_Field24": "Normal", "b_Field25": "Sí", "b_Field26": "Bono de Desarrollo Humano", "b_Field27": "Sí", "b_Field28": "Ladrillo o bloque?", "b_Field29": "Ladrillo o cemento?", "b_Field30": "Por tubería, fuera de la vivienda pero dentro del edificio, lote o terreno?", "b_Field31": " Juntas de Agua/Organizaciones comunitarias/GAD parroquial?", "b_Field32": " Inodoro o escusado, conectado a pozo séptico?", "b_Field33": 4, "b_Field34": 1, "b_Field35": 2, "b_Field36": 2, "b_Field37": "MIRIAN YOLANDA MOPOSITA USHCA", "b_Field38": 34, "b_Field39": "3er. Año de Bachillerato (6to. Curso sistema anterior)", "b_Field40": "No", "b_Field41": " Indígena" }, "geometry": { "type": "Point", "coordinates": [ -78.953458830146559, -1.594499871485854 ] } },
{ "type": "Feature", "properties": { "id": 3329, "b_Field2": "Proyecto Guaranda", "b_Field3": "2025/07/09", "b_Field4": "BOLIVAR", "b_Field5": "GUARANDA", "b_Field6": "SALINAS", "b_Field7": "YURAK UKSHA", "b_Field8": "Rural", "b_Field9": "Sí", "b_Field10": 12, "b_Field11": "No", "b_Field12": 16, "b_Field13": "8vo. Año de Educación General Básica – EGB (1er. Curso sistema anterior)", "b_Field14": 0, "b_Field15": null, "b_Field16": 0, "b_Field17": "No", "b_Field18": 0, "b_Field19": 0, "b_Field20": "No", "b_Field21": 48.0, "b_Field22": 155, "b_Field23": 20, "b_Field24": "Normal", "b_Field25": "No", "b_Field26": null, "b_Field27": "No", "b_Field28": "Adobe o tapia?", "b_Field29": "Tierra?", "b_Field30": "Por tubería, fuera de la vivienda pero dentro del edificio, lote o terreno?", "b_Field31": " Juntas de Agua/Organizaciones comunitarias/GAD parroquial?", "b_Field32": " Inodoro o escusado, conectado a pozo séptico?", "b_Field33": 2, "b_Field34": 1, "b_Field35": 0, "b_Field36": 0, "b_Field37": "JEFFERSON BAYAS", "b_Field38": 20, "b_Field39": "10mo. Año de Educación General Básica – EGB (3er. Curso sistema anterior)", "b_Field40": "Sí", "b_Field41": " Indígena" }, "geometry": { "type": "Point", "coordinates": [ -79.094807606864748, -1.375665527887551 ] } },
{ "type": "Feature", "properties": { "id": 3333, "b_Field2": "Proyecto Guaranda", "b_Field3": "2025/05/13", "b_Field4": "BOLIVAR", "b_Field5": "GUARANDA", "b_Field6": "SIMIATUG", "b_Field7": "TALAHUA", "b_Field8": "Rural", "b_Field9": "Sí", "b_Field10": 9, "b_Field11": "No", "b_Field12": 13, "b_Field13": "9no. Año de Educación General Básica – EGB (2do. Curso sistema anterior)", "b_Field14": 1, "b_Field15": "Otro pariente", "b_Field16": 57, "b_Field17": "Sí", "b_Field18": 0, "b_Field19": 0, "b_Field20": "Sí", "b_Field21": 62.9, "b_Field22": 158, "b_Field23": 25, "b_Field24": "Sobre peso", "b_Field25": "No", "b_Field26": null, "b_Field27": "No", "b_Field28": "Ladrillo o bloque?", "b_Field29": "Ladrillo o cemento?", "b_Field30": "Por tubería, fuera de la vivienda pero dentro del edificio, lote o terreno?", "b_Field31": " Juntas de Agua/Organizaciones comunitarias/GAD parroquial?", "b_Field32": " Inodoro o escusado, conectado a pozo séptico?", "b_Field33": 4, "b_Field34": 2, "b_Field35": 1, "b_Field36": 1, "b_Field37": "MARIA ELENA YANCHALIQUIN AUCATOMA", "b_Field38": 45, "b_Field39": "1er. Año de Educación General Básica – EGB (Jardín de Infantes)", "b_Field40": "No", "b_Field41": " Indígena" }, "geometry": { "type": "Point", "coordinates": [ -79.066471317809828, -1.283547019032932 ] } },
{ "type": "Feature", "properties": { "id": 3334, "b_Field2": "Proyecto Guaranda", "b_Field3": "2025/05/14", "b_Field4": "BOLIVAR", "b_Field5": "GUARANDA", "b_Field6": "SIMIATUG", "b_Field7": "QUIALO", "b_Field8": "Rural", "b_Field9": "Sí", "b_Field10": 21, "b_Field11": "No", "b_Field12": 17, "b_Field13": "3er. Año de Educación General Básica – EGB (2do. Grado sistema anterior)", "b_Field14": 0, "b_Field15": null, "b_Field16": 0, "b_Field17": "No", "b_Field18": 0, "b_Field19": 0, "b_Field20": "No", "b_Field21": 51.0, "b_Field22": 156, "b_Field23": 21, "b_Field24": "Normal", "b_Field25": "No", "b_Field26": null, "b_Field27": "No", "b_Field28": "Ladrillo o bloque?", "b_Field29": "Tierra?", "b_Field30": "Por tubería, fuera de la vivienda pero dentro del edificio, lote o terreno?", "b_Field31": " Juntas de Agua/Organizaciones comunitarias/GAD parroquial?", "b_Field32": " Inodoro o escusado, conectado a pozo séptico?", "b_Field33": 3, "b_Field34": 1, "b_Field35": 0, "b_Field36": 0, "b_Field37": "MARIA ESTHER YANCHALIQUIN FAVICELA", "b_Field38": 34, "b_Field39": "4to. Año de Educación General Básica – EGB (3er. Grado sistema anterior)", "b_Field40": "Sí", "b_Field41": " Indígena" }, "geometry": { "type": "Point", "coordinates": [ -78.980668531100378, -1.3318622923016 ] } },
{ "type": "Feature", "properties": { "id": 3335, "b_Field2": "Proyecto Guaranda", "b_Field3": "2025/05/14", "b_Field4": "BOLIVAR", "b_Field5": "GUARANDA", "b_Field6": "SIMIATUG", "b_Field7": "TALAHUA", "b_Field8": "Rural", "b_Field9": "Sí", "b_Field10": 21, "b_Field11": "No", "b_Field12": 23, "b_Field13": "3er. Año de Bachillerato (6to. Curso sistema anterior)", "b_Field14": 0, "b_Field15": null, "b_Field16": 0, "b_Field17": "No", "b_Field18": 0, "b_Field19": 0, "b_Field20": "No", "b_Field21": 51.2, "b_Field22": 155, "b_Field23": 21, "b_Field24": "Normal", "b_Field25": "No", "b_Field26": null, "b_Field27": "No", "b_Field28": "Ladrillo o bloque?", "b_Field29": "Tierra?", "b_Field30": "Por tubería, fuera de la vivienda pero dentro del edificio, lote o terreno?", "b_Field31": " Juntas de Agua/Organizaciones comunitarias/GAD parroquial?", "b_Field32": " Inodoro o escusado, conectado a pozo séptico?", "b_Field33": 4, "b_Field34": 1, "b_Field35": 0, "b_Field36": 0, "b_Field37": "SEGUNDO ASENCIO GUAMAN TOAPANTA", "b_Field38": 58, "b_Field39": "7mo. Año de Educación General Básica – EGB (6to. Grado sistema anterior)", "b_Field40": "Sí", "b_Field41": " Indígena" }, "geometry": { "type": "Point", "coordinates": [ -79.006409887796664, -1.246113879366591 ] } },
{ "type": "Feature", "properties": { "id": 3336, "b_Field2": "Proyecto Guaranda", "b_Field3": "2025/05/30", "b_Field4": "BOLIVAR", "b_Field5": "GUARANDA", "b_Field6": "SIMIATUG", "b_Field7": "QUIALO", "b_Field8": "Rural", "b_Field9": "Sí", "b_Field10": 25, "b_Field11": "No", "b_Field12": 16, "b_Field13": "8vo. Año de Educación General Básica – EGB (1er. Curso sistema anterior)", "b_Field14": 0, "b_Field15": null, "b_Field16": 0, "b_Field17": "No", "b_Field18": 0, "b_Field19": 0, "b_Field20": "No", "b_Field21": 39.9, "b_Field22": 147, "b_Field23": 18, "b_Field24": "Bajo peso", "b_Field25": "No", "b_Field26": null, "b_Field27": "No", "b_Field28": "Adobe o tapia?", "b_Field29": "Tierra?", "b_Field30": "Por tubería, fuera de la vivienda pero dentro del edificio, lote o terreno?", "b_Field31": " Juntas de Agua/Organizaciones comunitarias/GAD parroquial?", "b_Field32": " Inodoro o escusado, conectado a pozo séptico?", "b_Field33": 7, "b_Field34": 1, "b_Field35": 3, "b_Field36": 3, "b_Field37": "SEGUNDO ANGEL TIVIANO FAVICELA", "b_Field38": 37, "b_Field39": "3er. Año de Bachillerato (6to. Curso sistema anterior)", "b_Field40": "Sí", "b_Field41": " Indígena" }, "geometry": { "type": "Point", "coordinates": [ -78.926102500744008, -1.25869633497021 ] } },
{ "type": "Feature", "properties": { "id": 3337, "b_Field2": "Proyecto Guaranda", "b_Field3": "2025/06/20", "b_Field4": "BOLIVAR", "b_Field5": "GUARANDA", "b_Field6": "SIMIATUG", "b_Field7": "TALAHUA", "b_Field8": "Rural", "b_Field9": "Sí", "b_Field10": 20, "b_Field11": "Sí", "b_Field12": 33, "b_Field13": "3er. Año de Educación General Básica – EGB (2do. Grado sistema anterior)", "b_Field14": 0, "b_Field15": null, "b_Field16": 0, "b_Field17": "No", "b_Field18": 2, "b_Field19": 0, "b_Field20": "No", "b_Field21": 61.5, "b_Field22": 151, "b_Field23": 27, "b_Field24": "Sobre peso", "b_Field25": "Sí", "b_Field26": "Bono de Desarrollo Humano", "b_Field27": "Sí", "b_Field28": "Madera?", "b_Field29": "Tabla sin tratar?", "b_Field30": "Por tubería, fuera de la vivienda pero dentro del edificio, lote o terreno?", "b_Field31": " Juntas de Agua/Organizaciones comunitarias/GAD parroquial?", "b_Field32": " Inodoro o escusado, conectado a pozo séptico?", "b_Field33": 3, "b_Field34": 1, "b_Field35": 1, "b_Field36": 0, "b_Field37": "VERONICA JACKELIN TOAPANTA POAQUIZA", "b_Field38": 33, "b_Field39": "3er. Año de Educación General Básica – EGB (2do. Grado sistema anterior)", "b_Field40": "No", "b_Field41": " Mestiza" }, "geometry": { "type": "Point", "coordinates": [ -78.956703587858073, -1.243326596447498 ] } },
{ "type": "Feature", "properties": { "id": 3338, "b_Field2": "Proyecto Guaranda", "b_Field3": "2025/06/20", "b_Field4": "BOLIVAR", "b_Field5": "GUARANDA", "b_Field6": "SIMIATUG", "b_Field7": "TALAHUA", "b_Field8": "Rural", "b_Field9": "Sí", "b_Field10": 28, "b_Field11": "Sí", "b_Field12": 27, "b_Field13": "10mo. Año de Educación General Básica – EGB (3er. Curso sistema anterior)", "b_Field14": 0, "b_Field15": null, "b_Field16": 0, "b_Field17": "No", "b_Field18": 1, "b_Field19": 0, "b_Field20": "No", "b_Field21": 54.3, "b_Field22": 160, "b_Field23": 21, "b_Field24": "Normal", "b_Field25": "Sí", "b_Field26": "Bono de Desarrollo Humano", "b_Field27": "Sí", "b_Field28": "Adobe o tapia?", "b_Field29": "Tierra?", "b_Field30": "Por tubería, fuera de la vivienda pero dentro del edificio, lote o terreno?", "b_Field31": " Juntas de Agua/Organizaciones comunitarias/GAD parroquial?", "b_Field32": " Inodoro o escusado, conectado a pozo séptico?", "b_Field33": 3, "b_Field34": 1, "b_Field35": 1, "b_Field36": 1, "b_Field37": "BLANCA PIEDAD POAQUIZA SIGCHA", "b_Field38": 27, "b_Field39": "10mo. Año de Educación General Básica – EGB (3er. Curso sistema anterior)", "b_Field40": "Sí", "b_Field41": " Mestiza" }, "geometry": { "type": "Point", "coordinates": [ -78.966499445944876, -1.290066453857661 ] } },
{ "type": "Feature", "properties": { "id": 3339, "b_Field2": "Proyecto Guaranda", "b_Field3": "2025/07/09", "b_Field4": "BOLIVAR", "b_Field5": "GUARANDA", "b_Field6": "SIMIATUG", "b_Field7": "SIMIATUG", "b_Field8": "Rural", "b_Field9": "Sí", "b_Field10": 12, "b_Field11": "No", "b_Field12": 17, "b_Field13": "3er. Año de Bachillerato (6to. Curso sistema anterior)", "b_Field14": 0, "b_Field15": null, "b_Field16": 0, "b_Field17": "No", "b_Field18": 0, "b_Field19": 0, "b_Field20": "No", "b_Field21": 58.5, "b_Field22": 152, "b_Field23": 25, "b_Field24": "Sobre peso", "b_Field25": "No", "b_Field26": null, "b_Field27": "No", "b_Field28": "Adobe o tapia?", "b_Field29": "Tierra?", "b_Field30": "Por tubería, fuera de la vivienda pero dentro del edificio, lote o terreno?", "b_Field31": " Juntas de Agua/Organizaciones comunitarias/GAD parroquial?", "b_Field32": " Inodoro o escusado, conectado a pozo séptico?", "b_Field33": 5, "b_Field34": 3, "b_Field35": 1, "b_Field36": 1, "b_Field37": "LUIS CESAR AUCATOMA AUCATOMA", "b_Field38": 52, "b_Field39": "7mo. Año de Educación General Básica – EGB (6to. Grado sistema anterior)", "b_Field40": "Sí", "b_Field41": " Indígena" }, "geometry": { "type": "Point", "coordinates": [ -79.021700566410914, -1.252173392889073 ] } },
{ "type": "Feature", "properties": { "id": 3340, "b_Field2": "Proyecto Guaranda", "b_Field3": "2025/05/22", "b_Field4": "BOLIVAR", "b_Field5": "GUARANDA", "b_Field6": "SAN SIMON", "b_Field7": "TAGMA RUMIÑAHUI", "b_Field8": "Rural", "b_Field9": "Sí", "b_Field10": 23, "b_Field11": "No", "b_Field12": 19, "b_Field13": "1er. Año de Educación General Básica – EGB (Jardín de Infantes)", "b_Field14": 0, "b_Field15": null, "b_Field16": 0, "b_Field17": "No", "b_Field18": 0, "b_Field19": 0, "b_Field20": "Sí", "b_Field21": 56.9, "b_Field22": 156, "b_Field23": 23, "b_Field24": "Normal", "b_Field25": "No", "b_Field26": null, "b_Field27": "No", "b_Field28": "Adobe o tapia?", "b_Field29": "Tierra?", "b_Field30": "Por tubería, fuera de la vivienda pero dentro del edificio, lote o terreno?", "b_Field31": " Juntas de Agua/Organizaciones comunitarias/GAD parroquial?", "b_Field32": " Inodoro o escusado, conectado a pozo séptico?", "b_Field33": 4, "b_Field34": 2, "b_Field35": 0, "b_Field36": 0, "b_Field37": "HERLINDA TENELEMA ALULEMA", "b_Field38": 46, "b_Field39": "6to. Año de Educación General Básica – EGB (5to. Grado sistema anterior)", "b_Field40": "Sí", "b_Field41": " Indígena" }, "geometry": { "type": "Point", "coordinates": [ -78.908759019060014, -1.632526197594987 ] } },
{ "type": "Feature", "properties": { "id": 3341, "b_Field2": "Proyecto Guaranda", "b_Field3": "2025/07/04", "b_Field4": "BOLIVAR", "b_Field5": "GUARANDA", "b_Field6": "ÁNGEL POLIBIO CHÁVES", "b_Field7": "EL DORADO", "b_Field8": "Urbano", "b_Field9": "Sí", "b_Field10": 6, "b_Field11": "No", "b_Field12": 32, "b_Field13": "3er. Año de Bachillerato (6to. Curso sistema anterior)", "b_Field14": 0, "b_Field15": null, "b_Field16": 0, "b_Field17": "No", "b_Field18": 1, "b_Field19": 1, "b_Field20": "No", "b_Field21": 81.2, "b_Field22": 151, "b_Field23": 36, "b_Field24": "Obesidad", "b_Field25": "No", "b_Field26": null, "b_Field27": "No", "b_Field28": "Ladrillo o bloque?", "b_Field29": "Ladrillo o cemento?", "b_Field30": "Por tubería, fuera de la vivienda pero dentro del edificio, lote o terreno?", "b_Field31": " Juntas de Agua/Organizaciones comunitarias/GAD parroquial?", "b_Field32": " Inodoro o escusado, conectado a pozo séptico?", "b_Field33": 4, "b_Field34": 1, "b_Field35": 1, "b_Field36": 1, "b_Field37": "DUVERLY ANGEL GUANO GUANO", "b_Field38": 40, "b_Field39": "3er. Año de Bachillerato (6to. Curso sistema anterior)", "b_Field40": "Sí", "b_Field41": " Mestiza" }, "geometry": { "type": "Point", "coordinates": [ -79.070095201194491, -1.52860424479821 ] } },
{ "type": "Feature", "properties": { "id": 3343, "b_Field2": "Proyecto Guaranda", "b_Field3": "2025/07/04", "b_Field4": "BOLIVAR", "b_Field5": "GUARANDA", "b_Field6": "ÁNGEL POLIBIO CHÁVES", "b_Field7": "JOYOCOTO", "b_Field8": "Rural", "b_Field9": "Sí", "b_Field10": 27, "b_Field11": "Sí", "b_Field12": 41, "b_Field13": "3er. Año de Bachillerato (6to. Curso sistema anterior)", "b_Field14": 0, "b_Field15": null, "b_Field16": 0, "b_Field17": "No", "b_Field18": 3, "b_Field19": 0, "b_Field20": "No", "b_Field21": 59.0, "b_Field22": 154, "b_Field23": 25, "b_Field24": "Normal", "b_Field25": "Sí", "b_Field26": "Bono de Desarrollo Humano Variable", "b_Field27": "No", "b_Field28": "Adobe o tapia?", "b_Field29": "Tierra?", "b_Field30": "No recibe agua por tubería, sino por otros medios?", "b_Field31": " Otras fuentes (río, vertiente, acequia, canal, grieta o agua lluvia)?", "b_Field32": " Letrina?", "b_Field33": 5, "b_Field34": 3, "b_Field35": 0, "b_Field36": 0, "b_Field37": "CARLOS WILFRIDO GUANO QUILLE", "b_Field38": 42, "b_Field39": "7mo. Año de Educación General Básica – EGB (6to. Grado sistema anterior)", "b_Field40": "No", "b_Field41": " Mestiza" }, "geometry": { "type": "Point", "coordinates": [ -79.128219892747666, -1.492839331622117 ] } },
{ "type": "Feature", "properties": { "id": 3344, "b_Field2": "Proyecto Guaranda", "b_Field3": "2025/07/04", "b_Field4": "BOLIVAR", "b_Field5": "GUARANDA", "b_Field6": "ÁNGEL POLIBIO CHÁVES", "b_Field7": "CHALATA ALTO", "b_Field8": "Rural", "b_Field9": "Sí", "b_Field10": 20, "b_Field11": "Sí", "b_Field12": 30, "b_Field13": "3er. Año de Bachillerato (6to. Curso sistema anterior)", "b_Field14": 0, "b_Field15": null, "b_Field16": 0, "b_Field17": "No", "b_Field18": 2, "b_Field19": 0, "b_Field20": "No", "b_Field21": 54.6, "b_Field22": 156, "b_Field23": 22, "b_Field24": "Normal", "b_Field25": "Sí", "b_Field26": "Bono Infancia con Futuro (1000 días)", "b_Field27": "Sí", "b_Field28": "Ladrillo o bloque?", "b_Field29": "Ladrillo o cemento?", "b_Field30": "Por tubería, fuera de la vivienda pero dentro del edificio, lote o terreno?", "b_Field31": " Juntas de Agua/Organizaciones comunitarias/GAD parroquial?", "b_Field32": " Inodoro o escusado, conectado a pozo séptico?", "b_Field33": 4, "b_Field34": 1, "b_Field35": 1, "b_Field36": 1, "b_Field37": "CRISTINA ELIZABETH BORJA BARRAGAN", "b_Field38": 30, "b_Field39": "3er. Año de Bachillerato (6to. Curso sistema anterior)", "b_Field40": "Sí", "b_Field41": " Mestiza" }, "geometry": { "type": "Point", "coordinates": [ -79.085842852575567, -1.474894695677809 ] } },
{ "type": "Feature", "properties": { "id": 3345, "b_Field2": "Proyecto Guaranda", "b_Field3": "2025/07/04", "b_Field4": "BOLIVAR", "b_Field5": "GUARANDA", "b_Field6": "ÁNGEL POLIBIO CHÁVES", "b_Field7": "INDIO GUARANGA", "b_Field8": "Urbano", "b_Field9": "Sí", "b_Field10": 16, "b_Field11": "Sí", "b_Field12": 24, "b_Field13": "3er. Año de Bachillerato (6to. Curso sistema anterior)", "b_Field14": 0, "b_Field15": null, "b_Field16": 0, "b_Field17": "No", "b_Field18": 1, "b_Field19": 0, "b_Field20": "No", "b_Field21": 62.1, "b_Field22": 150, "b_Field23": 28, "b_Field24": "Sobre peso", "b_Field25": "Sí", "b_Field26": "Bono de Desarrollo Humano Variable", "b_Field27": "Sí", "b_Field28": "Ladrillo o bloque?", "b_Field29": "Ladrillo o cemento?", "b_Field30": "Por tubería, fuera del edificio, lote o terreno?", "b_Field31": " Juntas de Agua/Organizaciones comunitarias/GAD parroquial?", "b_Field32": " Inodoro o escusado, conectado a pozo séptico?", "b_Field33": 5, "b_Field34": 3, "b_Field35": 2, "b_Field36": 2, "b_Field37": "ANA JULISSA QUINATOA LUMBI", "b_Field38": 24, "b_Field39": "3er. Año de Bachillerato (6to. Curso sistema anterior)", "b_Field40": "No", "b_Field41": " Indígena" }, "geometry": { "type": "Point", "coordinates": [ -79.093158997609819, -1.487541952797951 ] } },
{ "type": "Feature", "properties": { "id": 3346, "b_Field2": "Proyecto Guaranda", "b_Field3": "2025/07/04", "b_Field4": "BOLIVAR", "b_Field5": "GUARANDA", "b_Field6": "ÁNGEL POLIBIO CHÁVES", "b_Field7": "CHALATA BAJO", "b_Field8": "Rural", "b_Field9": "Sí", "b_Field10": 16, "b_Field11": "Sí", "b_Field12": 25, "b_Field13": "3er. Año de Bachillerato (6to. Curso sistema anterior)", "b_Field14": 0, "b_Field15": null, "b_Field16": 0, "b_Field17": "No", "b_Field18": 1, "b_Field19": 0, "b_Field20": "No", "b_Field21": 58.9, "b_Field22": 150, "b_Field23": 26, "b_Field24": "Sobre peso", "b_Field25": "Sí", "b_Field26": "Bono Infancia con Futuro (1000 días)", "b_Field27": "Sí", "b_Field28": "Adobe o tapia?", "b_Field29": "Tierra?", "b_Field30": "Por tubería, dentro de la vivienda?", "b_Field31": " Juntas de Agua/Organizaciones comunitarias/GAD parroquial?", "b_Field32": " Inodoro o escusado, conectado a pozo séptico?", "b_Field33": 5, "b_Field34": 2, "b_Field35": 0, "b_Field36": 0, "b_Field37": "MARIA LOURDES GUAMBUGUETE LLUMITAXI", "b_Field38": 25, "b_Field39": "3er. Año de Bachillerato (6to. Curso sistema anterior)", "b_Field40": "Sí", "b_Field41": " Indígena" }, "geometry": { "type": "Point", "coordinates": [ -79.090012038414997, -1.495439782748283 ] } },
{ "type": "Feature", "properties": { "id": 3347, "b_Field2": "Proyecto Guaranda", "b_Field3": "2025/07/04", "b_Field4": "BOLIVAR", "b_Field5": "GUARANDA", "b_Field6": "ÁNGEL POLIBIO CHÁVES", "b_Field7": "JOYOCOTO", "b_Field8": "Rural", "b_Field9": "Sí", "b_Field10": 13, "b_Field11": "Sí", "b_Field12": 26, "b_Field13": "3er. Año de Bachillerato (6to. Curso sistema anterior)", "b_Field14": 0, "b_Field15": null, "b_Field16": 0, "b_Field17": "No", "b_Field18": 1, "b_Field19": 0, "b_Field20": "No", "b_Field21": 52.0, "b_Field22": 156, "b_Field23": 21, "b_Field24": "Normal", "b_Field25": "Sí", "b_Field26": "Bono de Desarrollo Humano", "b_Field27": "Sí", "b_Field28": "Ladrillo o bloque?", "b_Field29": "Cerámica, baldosa, vinil o porcelanato?", "b_Field30": "Por tubería, fuera de la vivienda pero dentro del edificio, lote o terreno?", "b_Field31": " Juntas de Agua/Organizaciones comunitarias/GAD parroquial?", "b_Field32": " Inodoro o escusado, conectado a pozo séptico?", "b_Field33": 3, "b_Field34": 2, "b_Field35": 1, "b_Field36": 1, "b_Field37": "MARIA CRISTINA GUANO ANDAGANA", "b_Field38": 26, "b_Field39": "3er. Año de Bachillerato (6to. Curso sistema anterior)", "b_Field40": "Sí", "b_Field41": " Mestiza" }, "geometry": { "type": "Point", "coordinates": [ -79.0915447258255, -1.538104229078934 ] } },
{ "type": "Feature", "properties": { "id": 3348, "b_Field2": "Proyecto Guaranda", "b_Field3": "2025/06/13", "b_Field4": "BOLIVAR", "b_Field5": "GUARANDA", "b_Field6": "ÁNGEL POLIBIO CHÁVES", "b_Field7": "INDIO GUARANGA", "b_Field8": "Urbano", "b_Field9": "Sí", "b_Field10": 31, "b_Field11": "No", "b_Field12": 16, "b_Field13": "2do. Año de Bachillerato (5to. Curso sistema anterior)", "b_Field14": 0, "b_Field15": null, "b_Field16": 0, "b_Field17": "No", "b_Field18": 0, "b_Field19": 0, "b_Field20": "No", "b_Field21": 48.3, "b_Field22": 155, "b_Field23": 20, "b_Field24": "Normal", "b_Field25": "No", "b_Field26": null, "b_Field27": "No", "b_Field28": "Ladrillo o bloque?", "b_Field29": "Ladrillo o cemento?", "b_Field30": "Por tubería, dentro de la vivienda?", "b_Field31": " Juntas de Agua/Organizaciones comunitarias/GAD parroquial?", "b_Field32": " Inodoro o escusado, conectado a pozo séptico?", "b_Field33": 3, "b_Field34": 3, "b_Field35": 0, "b_Field36": 0, "b_Field37": "SILVIA JANETH BORJA SALAS", "b_Field38": 43, "b_Field39": "3er. Año de Bachillerato (6to. Curso sistema anterior)", "b_Field40": "Sí", "b_Field41": " Mestiza" }, "geometry": { "type": "Point", "coordinates": [ -79.116186009829192, -1.488615286235755 ] } },
{ "type": "Feature", "properties": { "id": 3349, "b_Field2": "Proyecto Guaranda", "b_Field3": "2025/07/04", "b_Field4": "BOLIVAR", "b_Field5": "GUARANDA", "b_Field6": "ÁNGEL POLIBIO CHÁVES", "b_Field7": "INDIO GUARANGA", "b_Field8": "Urbano", "b_Field9": "Sí", "b_Field10": 33, "b_Field11": "Sí", "b_Field12": 26, "b_Field13": "3er. Año de Bachillerato (6to. Curso sistema anterior)", "b_Field14": 0, "b_Field15": null, "b_Field16": 0, "b_Field17": "No", "b_Field18": 1, "b_Field19": 0, "b_Field20": "No", "b_Field21": 80.6, "b_Field22": 151, "b_Field23": 35, "b_Field24": "Obesidad", "b_Field25": "Sí", "b_Field26": "Bono de Desarrollo Humano", "b_Field27": "Sí", "b_Field28": "Ladrillo o bloque?", "b_Field29": "Ladrillo o cemento?", "b_Field30": "Por tubería, dentro de la vivienda?", "b_Field31": " Empresa pública/Municipio?", "b_Field32": " Inodoro o escusado, conectado a red pública de alcantarillado?", "b_Field33": 3, "b_Field34": 2, "b_Field35": 1, "b_Field36": 1, "b_Field37": "VANNESA ROXANA COELLO GARCIA", "b_Field38": 26, "b_Field39": "3er. Año de Bachillerato (6to. Curso sistema anterior)", "b_Field40": "No", "b_Field41": " Mestiza" }, "geometry": { "type": "Point", "coordinates": [ -79.120350429534511, -1.51495455641626 ] } },
{ "type": "Feature", "properties": { "id": 3350, "b_Field2": "Proyecto Guaranda", "b_Field3": "2025/07/04", "b_Field4": "BOLIVAR", "b_Field5": "GUARANDA", "b_Field6": "ÁNGEL POLIBIO CHÁVES", "b_Field7": "LA FLORESTA BAJA", "b_Field8": "Urbano", "b_Field9": "Sí", "b_Field10": 20, "b_Field11": "No", "b_Field12": 33, "b_Field13": "3er. Año de Bachillerato (6to. Curso sistema anterior)", "b_Field14": 0, "b_Field15": null, "b_Field16": 0, "b_Field17": "No", "b_Field18": 2, "b_Field19": 0, "b_Field20": "No", "b_Field21": 75.6, "b_Field22": 155, "b_Field23": 31, "b_Field24": "Obesidad", "b_Field25": "No", "b_Field26": null, "b_Field27": "No", "b_Field28": "Ladrillo o bloque?", "b_Field29": "Duela, parquet, tablón o piso ﬂotante?", "b_Field30": "Por tubería, dentro de la vivienda?", "b_Field31": " Juntas de Agua/Organizaciones comunitarias/GAD parroquial?", "b_Field32": " Inodoro o escusado, conectado a pozo séptico?", "b_Field33": 4, "b_Field34": 2, "b_Field35": 0, "b_Field36": 0, "b_Field37": "SEGUNDO RAUL CANDO PATIN", "b_Field38": 40, "b_Field39": "3er. Año de Bachillerato (6to. Curso sistema anterior)", "b_Field40": "No", "b_Field41": " Indígena" }, "geometry": { "type": "Point", "coordinates": [ -79.149667128616827, -1.506025670560108 ] } },
{ "type": "Feature", "properties": { "id": 3358, "b_Field2": "Proyecto Guaranda", "b_Field3": "2025/06/24", "b_Field4": "BOLIVAR", "b_Field5": "GUARANDA", "b_Field6": "SALINAS", "b_Field7": "APAHUA", "b_Field8": "Rural", "b_Field9": "Sí", "b_Field10": 8, "b_Field11": "No", "b_Field12": 15, "b_Field13": "10mo. Año de Educación General Básica – EGB (3er. Curso sistema anterior)", "b_Field14": 0, "b_Field15": null, "b_Field16": 0, "b_Field17": "No", "b_Field18": 0, "b_Field19": 0, "b_Field20": "No", "b_Field21": 43.5, "b_Field22": 142, "b_Field23": 22, "b_Field24": "Normal", "b_Field25": "No", "b_Field26": null, "b_Field27": "No", "b_Field28": "Ladrillo o bloque?", "b_Field29": "Ladrillo o cemento?", "b_Field30": "Por tubería, fuera de la vivienda pero dentro del edificio, lote o terreno?", "b_Field31": " Juntas de Agua/Organizaciones comunitarias/GAD parroquial?", "b_Field32": " Inodoro o escusado, conectado a pozo séptico?", "b_Field33": 4, "b_Field34": 3, "b_Field35": 0, "b_Field36": 0, "b_Field37": "REYMUNDO CHIMBO MASABANDA", "b_Field38": 57, "b_Field39": "7mo. Año de Educación General Básica – EGB (6to. Grado sistema anterior)", "b_Field40": "Sí", "b_Field41": " Indígena" }, "geometry": { "type": "Point", "coordinates": [ -79.105453753784943, -1.384471446915592 ] } },
{ "type": "Feature", "properties": { "id": 3375, "b_Field2": "Proyecto Guaranda", "b_Field3": "2025/06/12", "b_Field4": "BOLIVAR", "b_Field5": "GUARANDA", "b_Field6": "GUARANDA", "b_Field7": "QUINDIGUA CENTRAL", "b_Field8": "Rural", "b_Field9": "Sí", "b_Field10": 20, "b_Field11": "No", "b_Field12": 23, "b_Field13": "9no. Año de Educación General Básica – EGB (2do. Curso sistema anterior)", "b_Field14": 0, "b_Field15": null, "b_Field16": 0, "b_Field17": "No", "b_Field18": 0, "b_Field19": 0, "b_Field20": "No", "b_Field21": 56.0, "b_Field22": 148, "b_Field23": 26, "b_Field24": "Sobre peso", "b_Field25": "No", "b_Field26": null, "b_Field27": "No", "b_Field28": "Ladrillo o bloque?", "b_Field29": "Tierra?", "b_Field30": "Por tubería, fuera de la vivienda pero dentro del edificio, lote o terreno?", "b_Field31": " Juntas de Agua/Organizaciones comunitarias/GAD parroquial?", "b_Field32": " Inodoro o escusado, conectado a pozo séptico?", "b_Field33": 4, "b_Field34": 2, "b_Field35": 0, "b_Field36": 0, "b_Field37": "JOSE MANUEL CHACHA CHACHA", "b_Field38": 30, "b_Field39": "10mo. Año de Educación General Básica – EGB (3er. Curso sistema anterior)", "b_Field40": "Sí", "b_Field41": " Indígena" }, "geometry": { "type": "Point", "coordinates": [ -79.037673040306785, -1.508948897429893 ] } },
{ "type": "Feature", "properties": { "id": 3383, "b_Field2": "Proyecto Guaranda", "b_Field3": "2025/06/12", "b_Field4": "BOLIVAR", "b_Field5": "GUARANDA", "b_Field6": "SAN SIMON", "b_Field7": "SHACUNDO", "b_Field8": "Rural", "b_Field9": "Sí", "b_Field10": 20, "b_Field11": "No", "b_Field12": 17, "b_Field13": "2do. Año de Bachillerato (5to. Curso sistema anterior)", "b_Field14": 1, "b_Field15": "Madre o padre", "b_Field16": 84, "b_Field17": "Sí", "b_Field18": 0, "b_Field19": 0, "b_Field20": "No", "b_Field21": 54.0, "b_Field22": 159, "b_Field23": 21, "b_Field24": "Normal", "b_Field25": "No", "b_Field26": null, "b_Field27": "No", "b_Field28": "Ladrillo o bloque?", "b_Field29": "Ladrillo o cemento?", "b_Field30": "Por tubería, dentro de la vivienda?", "b_Field31": " Juntas de Agua/Organizaciones comunitarias/GAD parroquial?", "b_Field32": " Inodoro o escusado, conectado a pozo séptico?", "b_Field33": 3, "b_Field34": 2, "b_Field35": 0, "b_Field36": 0, "b_Field37": "MARIANA DE JESUS AGUALONGO CHIMBOLEMA", "b_Field38": 32, "b_Field39": "1ro. Año de Bachillerato (4to. Curso sistema anterior)", "b_Field40": "Sí", "b_Field41": " Mestiza" }, "geometry": { "type": "Point", "coordinates": [ -78.971305114563222, -1.640562668695624 ] } },
{ "type": "Feature", "properties": { "id": 3384, "b_Field2": "Proyecto Guaranda", "b_Field3": "2025/06/20", "b_Field4": "BOLIVAR", "b_Field5": "GUARANDA", "b_Field6": "GABRIEL IGNACIO VEINTIMILLA", "b_Field7": "VINCHOA LA YE", "b_Field8": "Rural", "b_Field9": "Sí", "b_Field10": 22, "b_Field11": "Sí", "b_Field12": 30, "b_Field13": "2do. Año de Bachillerato (5to. Curso sistema anterior)", "b_Field14": 0, "b_Field15": null, "b_Field16": 0, "b_Field17": "No", "b_Field18": 4, "b_Field19": 0, "b_Field20": "No", "b_Field21": 62.7, "b_Field22": 150, "b_Field23": 28, "b_Field24": "Sobre peso", "b_Field25": "Sí", "b_Field26": "Bono de Desarrollo Humano Variable", "b_Field27": "No", "b_Field28": "Adobe o tapia?", "b_Field29": "Tierra?", "b_Field30": "Por tubería, fuera de la vivienda pero dentro del edificio, lote o terreno?", "b_Field31": " Juntas de Agua/Organizaciones comunitarias/GAD parroquial?", "b_Field32": " Inodoro o escusado, conectado a pozo séptico?", "b_Field33": 7, "b_Field34": 2, "b_Field35": 2, "b_Field36": 2, "b_Field37": "FABIAN OCHOA", "b_Field38": 33, "b_Field39": "3er. Año de Bachillerato (6to. Curso sistema anterior)", "b_Field40": "No", "b_Field41": " Indígena" }, "geometry": { "type": "Point", "coordinates": [ -78.913249735948497, -1.581402173780382 ] } },
{ "type": "Feature", "properties": { "id": 3392, "b_Field2": "Proyecto Guaranda", "b_Field3": "2025/06/11", "b_Field4": "BOLIVAR", "b_Field5": "GUARANDA", "b_Field6": "SIMIATUG", "b_Field7": "LAIHUA CHIQUIZUNGO", "b_Field8": "Rural", "b_Field9": "Sí", "b_Field10": 16, "b_Field11": "No", "b_Field12": 25, "b_Field13": "9no. Año de Educación General Básica – EGB (2do. Curso sistema anterior)", "b_Field14": 0, "b_Field15": null, "b_Field16": 0, "b_Field17": "No", "b_Field18": 1, "b_Field19": 0, "b_Field20": "No", "b_Field21": 48.2, "b_Field22": 147, "b_Field23": 22, "b_Field24": "Normal", "b_Field25": "Sí", "b_Field26": "Bono Infancia con Futuro (1000 días)", "b_Field27": "No", "b_Field28": "Adobe o tapia?", "b_Field29": "Tierra?", "b_Field30": "Por tubería, fuera de la vivienda pero dentro del edificio, lote o terreno?", "b_Field31": " Juntas de Agua/Organizaciones comunitarias/GAD parroquial?", "b_Field32": " Letrina?", "b_Field33": 3, "b_Field34": 1, "b_Field35": 0, "b_Field36": 0, "b_Field37": "BYRON PATRICIO MASABANDA CHISAG", "b_Field38": 25, "b_Field39": "7mo. Año de Educación General Básica – EGB (6to. Grado sistema anterior)", "b_Field40": "Sí", "b_Field41": " Indígena" }, "geometry": { "type": "Point", "coordinates": [ -78.948456854140332, -1.310393908912959 ] } },
{ "type": "Feature", "properties": { "id": 3393, "b_Field2": "Proyecto Guaranda", "b_Field3": "2025/06/25", "b_Field4": "BOLIVAR", "b_Field5": "GUARANDA", "b_Field6": "SIMIATUG", "b_Field7": "BOLICHE", "b_Field8": "Rural", "b_Field9": "Sí", "b_Field10": 25, "b_Field11": "Sí", "b_Field12": 33, "b_Field13": "3er. Año de Bachillerato (6to. Curso sistema anterior)", "b_Field14": 0, "b_Field15": null, "b_Field16": 0, "b_Field17": "No", "b_Field18": 2, "b_Field19": 0, "b_Field20": "No", "b_Field21": 50.0, "b_Field22": 143, "b_Field23": 24, "b_Field24": "Normal", "b_Field25": "Sí", "b_Field26": "Bono de Desarrollo Humano Variable", "b_Field27": "Sí", "b_Field28": "Ladrillo o bloque?", "b_Field29": "Ladrillo o cemento?", "b_Field30": "Por tubería, fuera de la vivienda pero dentro del edificio, lote o terreno?", "b_Field31": " Juntas de Agua/Organizaciones comunitarias/GAD parroquial?", "b_Field32": " Inodoro o escusado, conectado a pozo séptico?", "b_Field33": 4, "b_Field34": 1, "b_Field35": 2, "b_Field36": 2, "b_Field37": "BLANCA CELIDA RUIZ CAIZA", "b_Field38": 33, "b_Field39": "3er. Año de Bachillerato (6to. Curso sistema anterior)", "b_Field40": "Sí", "b_Field41": " Indígena" }, "geometry": { "type": "Point", "coordinates": [ -78.929938184522655, -1.243305604806044 ] } },
{ "type": "Feature", "properties": { "id": 3394, "b_Field2": "Proyecto Guaranda", "b_Field3": "2025/06/27", "b_Field4": "BOLIVAR", "b_Field5": "GUARANDA", "b_Field6": "SAN SIMON", "b_Field7": "CANALPAMBA", "b_Field8": "Rural", "b_Field9": "Sí", "b_Field10": 19, "b_Field11": "Sí", "b_Field12": 15, "b_Field13": "1ro. Año de Bachillerato (4to. Curso sistema anterior)", "b_Field14": 0, "b_Field15": null, "b_Field16": 0, "b_Field17": "No", "b_Field18": 0, "b_Field19": 0, "b_Field20": "No", "b_Field21": 57.9, "b_Field22": 149, "b_Field23": 26, "b_Field24": "Sobre peso", "b_Field25": "No", "b_Field26": null, "b_Field27": "No", "b_Field28": "Ladrillo o bloque?", "b_Field29": "Ladrillo o cemento?", "b_Field30": "Por tubería, fuera de la vivienda pero dentro del edificio, lote o terreno?", "b_Field31": " Juntas de Agua/Organizaciones comunitarias/GAD parroquial?", "b_Field32": " Inodoro o escusado, conectado a pozo séptico?", "b_Field33": 2, "b_Field34": 1, "b_Field35": 0, "b_Field36": 0, "b_Field37": "JOSE MANUEL CAIN", "b_Field38": 58, "b_Field39": "6to. Año de Educación General Básica – EGB (5to. Grado sistema anterior)", "b_Field40": "Sí", "b_Field41": " Indígena" }, "geometry": { "type": "Point", "coordinates": [ -78.896720628848925, -1.651205574968334 ] } },
{ "type": "Feature", "properties": { "id": 3395, "b_Field2": "Proyecto Guaranda", "b_Field3": "2025/07/04", "b_Field4": "BOLIVAR", "b_Field5": "GUARANDA", "b_Field6": "SAN SIMON", "b_Field7": "LA VAQUERIA", "b_Field8": "Rural", "b_Field9": "Sí", "b_Field10": 14, "b_Field11": "Sí", "b_Field12": 25, "b_Field13": "3er. Año de Bachillerato (6to. Curso sistema anterior)", "b_Field14": 0, "b_Field15": null, "b_Field16": 0, "b_Field17": "No", "b_Field18": 1, "b_Field19": 0, "b_Field20": "No", "b_Field21": 75.5, "b_Field22": 153, "b_Field23": 32, "b_Field24": "Obesidad", "b_Field25": "Sí", "b_Field26": "Bono de Desarrollo Humano", "b_Field27": "Sí", "b_Field28": "Adobe o tapia?", "b_Field29": "Tierra?", "b_Field30": "Por tubería, fuera de la vivienda pero dentro del edificio, lote o terreno?", "b_Field31": " Juntas de Agua/Organizaciones comunitarias/GAD parroquial?", "b_Field32": " Inodoro o escusado, conectado a pozo séptico?", "b_Field33": 3, "b_Field34": 1, "b_Field35": 1, "b_Field36": 1, "b_Field37": "DIANA MARITZA CHOCHOS TENELEMA", "b_Field38": 25, "b_Field39": "3er. Año de Bachillerato (6to. Curso sistema anterior)", "b_Field40": "No", "b_Field41": " Indígena" }, "geometry": { "type": "Point", "coordinates": [ -78.976759073593684, -1.649914707809894 ] } },
{ "type": "Feature", "properties": { "id": 3396, "b_Field2": "Proyecto Guaranda", "b_Field3": "2025/06/13", "b_Field4": "BOLIVAR", "b_Field5": "GUARANDA", "b_Field6": "SAN SIMON", "b_Field7": "CAPITO", "b_Field8": "Rural", "b_Field9": "Sí", "b_Field10": 17, "b_Field11": "Sí", "b_Field12": 24, "b_Field13": "3er. Año de Bachillerato (6to. Curso sistema anterior)", "b_Field14": 0, "b_Field15": null, "b_Field16": 0, "b_Field17": "No", "b_Field18": 1, "b_Field19": 1, "b_Field20": "Sí", "b_Field21": 56.3, "b_Field22": 166, "b_Field23": 20, "b_Field24": "Normal", "b_Field25": "Sí", "b_Field26": "Bono de Desarrollo Humano", "b_Field27": "No", "b_Field28": "Adobe o tapia?", "b_Field29": "Tierra?", "b_Field30": "Por tubería, fuera de la vivienda pero dentro del edificio, lote o terreno?", "b_Field31": " Juntas de Agua/Organizaciones comunitarias/GAD parroquial?", "b_Field32": " Inodoro o escusado, conectado a pozo séptico?", "b_Field33": 5, "b_Field34": 1, "b_Field35": 0, "b_Field36": 0, "b_Field37": "ANGEL VICENTE TIXI TIXI", "b_Field38": 43, "b_Field39": "7mo. Año de Educación General Básica – EGB (6to. Grado sistema anterior)", "b_Field40": "Sí", "b_Field41": " Mestiza" }, "geometry": { "type": "Point", "coordinates": [ -78.958460101866706, -1.646597172430754 ] } },
{ "type": "Feature", "properties": { "id": 3397, "b_Field2": "Proyecto Guaranda", "b_Field3": "2025/06/13", "b_Field4": "BOLIVAR", "b_Field5": "GUARANDA", "b_Field6": "GABRIEL IGNACIO VEINTIMILLA", "b_Field7": "PALTABAMBA VEINTIMILLA", "b_Field8": "Rural", "b_Field9": "Sí", "b_Field10": 24, "b_Field11": "Sí", "b_Field12": 46, "b_Field13": "3er. Año de Educación General Básica – EGB (2do. Grado sistema anterior)", "b_Field14": 0, "b_Field15": null, "b_Field16": 0, "b_Field17": "No", "b_Field18": 2, "b_Field19": 0, "b_Field20": "No", "b_Field21": 59.2, "b_Field22": 144, "b_Field23": 29, "b_Field24": "Sobre peso", "b_Field25": "Sí", "b_Field26": "Bono de Desarrollo Humano Variable", "b_Field27": "Sí", "b_Field28": "Ladrillo o bloque?", "b_Field29": "Tierra?", "b_Field30": "Por tubería, fuera de la vivienda pero dentro del edificio, lote o terreno?", "b_Field31": " Juntas de Agua/Organizaciones comunitarias/GAD parroquial?", "b_Field32": " Inodoro o escusado, conectado a pozo séptico?", "b_Field33": 7, "b_Field34": 1, "b_Field35": 2, "b_Field36": 2, "b_Field37": "MARIA AIDA NINABANDA SIMALIZA", "b_Field38": 46, "b_Field39": "3er. Año de Educación General Básica – EGB (2do. Grado sistema anterior)", "b_Field40": "Sí", "b_Field41": " Indígena" }, "geometry": { "type": "Point", "coordinates": [ -78.926967132858266, -1.589937538806362 ] } },
{ "type": "Feature", "properties": { "id": 3398, "b_Field2": "Proyecto Guaranda", "b_Field3": "2025/05/22", "b_Field4": "BOLIVAR", "b_Field5": "GUARANDA", "b_Field6": "ÁNGEL POLIBIO CHÁVES", "b_Field7": "PALTABAMBA", "b_Field8": "Rural", "b_Field9": "Sí", "b_Field10": 24, "b_Field11": "Sí", "b_Field12": 22, "b_Field13": "3er. Año de Bachillerato (6to. Curso sistema anterior)", "b_Field14": 0, "b_Field15": null, "b_Field16": 0, "b_Field17": "No", "b_Field18": 0, "b_Field19": 0, "b_Field20": "No", "b_Field21": 59.0, "b_Field22": 152, "b_Field23": 26, "b_Field24": "Sobre peso", "b_Field25": "Sí", "b_Field26": "Bono Infancia con Futuro (1000 días)", "b_Field27": "Sí", "b_Field28": "Adobe o tapia?", "b_Field29": "Tierra?", "b_Field30": "No recibe agua por tubería, sino por otros medios?", "b_Field31": " Otras fuentes (río, vertiente, acequia, canal, grieta o agua lluvia)?", "b_Field32": " Letrina?", "b_Field33": 2, "b_Field34": 1, "b_Field35": 0, "b_Field36": 0, "b_Field37": "EVELYN CRISTINA LLUMIGUANO REA", "b_Field38": 22, "b_Field39": "3er. Año de Bachillerato (6to. Curso sistema anterior)", "b_Field40": "No", "b_Field41": " Indígena" }, "geometry": { "type": "Point", "coordinates": [ -79.143923708111913, -1.489692404751914 ] } },
{ "type": "Feature", "properties": { "id": 3400, "b_Field2": "Proyecto Guaranda", "b_Field3": "2025/06/25", "b_Field4": "BOLIVAR", "b_Field5": "GUARANDA", "b_Field6": "GABRIEL IGNACIO VEINTIMILLA", "b_Field7": "QUESERAS", "b_Field8": "Rural", "b_Field9": "Sí", "b_Field10": 10, "b_Field11": "Sí", "b_Field12": 19, "b_Field13": "3er. Año de Bachillerato (6to. Curso sistema anterior)", "b_Field14": 1, "b_Field15": "Mujer gestante", "b_Field16": 45, "b_Field17": "Sí", "b_Field18": 0, "b_Field19": 0, "b_Field20": "No", "b_Field21": 52.0, "b_Field22": 149, "b_Field23": 23, "b_Field24": "Normal", "b_Field25": "Sí", "b_Field26": "Bono para personas con discapacidad", "b_Field27": "No", "b_Field28": "Ladrillo o bloque?", "b_Field29": "Ladrillo o cemento?", "b_Field30": "Por tubería, fuera de la vivienda pero dentro del edificio, lote o terreno?", "b_Field31": " Juntas de Agua/Organizaciones comunitarias/GAD parroquial?", "b_Field32": " Inodoro o escusado, conectado a pozo séptico?", "b_Field33": 5, "b_Field34": 2, "b_Field35": 0, "b_Field36": 0, "b_Field37": "LUIS JAVIER CHIMBOLEMA TAMAMI", "b_Field38": 39, "b_Field39": "7mo. Año de Educación General Básica – EGB (6to. Grado sistema anterior)", "b_Field40": "Sí", "b_Field41": " Indígena" }, "geometry": { "type": "Point", "coordinates": [ -78.961658626877693, -1.589422520484619 ] } },
{ "type": "Feature", "properties": { "id": 3401, "b_Field2": "Proyecto Guaranda", "b_Field3": "2025/07/07", "b_Field4": "BOLIVAR", "b_Field5": "GUARANDA", "b_Field6": "SAN SIMON", "b_Field7": "VISOTE NUEVA ESPERANZA", "b_Field8": "Rural", "b_Field9": "Sí", "b_Field10": 17, "b_Field11": "No", "b_Field12": 20, "b_Field13": "3er. Año de Bachillerato (6to. Curso sistema anterior)", "b_Field14": 0, "b_Field15": null, "b_Field16": 0, "b_Field17": "No", "b_Field18": 0, "b_Field19": 0, "b_Field20": "No", "b_Field21": 65.4, "b_Field22": 161, "b_Field23": 25, "b_Field24": "Sobre peso", "b_Field25": "No", "b_Field26": null, "b_Field27": "No", "b_Field28": "Ladrillo o bloque?", "b_Field29": "Ladrillo o cemento?", "b_Field30": "Por tubería, fuera de la vivienda pero dentro del edificio, lote o terreno?", "b_Field31": " Juntas de Agua/Organizaciones comunitarias/GAD parroquial?", "b_Field32": " Inodoro o escusado, conectado a pozo séptico?", "b_Field33": 7, "b_Field34": 3, "b_Field35": 0, "b_Field36": 0, "b_Field37": "TOMAS AGUALONGO", "b_Field38": 46, "b_Field39": "7mo. Año de Educación General Básica – EGB (6to. Grado sistema anterior)", "b_Field40": "Sí", "b_Field41": " Indígena" }, "geometry": { "type": "Point", "coordinates": [ -78.968856554751341, -1.630663942447197 ] } },
{ "type": "Feature", "properties": { "id": 3402, "b_Field2": "Proyecto Guaranda", "b_Field3": "2025/07/14", "b_Field4": "BOLIVAR", "b_Field5": "GUARANDA", "b_Field6": "GABRIEL IGNACIO VEINTIMILLA", "b_Field7": "CASEICHE SAN ANTONIO", "b_Field8": "Rural", "b_Field9": "Sí", "b_Field10": 25, "b_Field11": "No", "b_Field12": 19, "b_Field13": "3er. Año de Bachillerato (6to. Curso sistema anterior)", "b_Field14": 0, "b_Field15": null, "b_Field16": 0, "b_Field17": "No", "b_Field18": 0, "b_Field19": 0, "b_Field20": "No", "b_Field21": 50.0, "b_Field22": 144, "b_Field23": 24, "b_Field24": "Normal", "b_Field25": "No", "b_Field26": null, "b_Field27": "No", "b_Field28": "Ladrillo o bloque?", "b_Field29": "Cerámica, baldosa, vinil o porcelanato?", "b_Field30": "Por tubería, dentro de la vivienda?", "b_Field31": " Juntas de Agua/Organizaciones comunitarias/GAD parroquial?", "b_Field32": " Inodoro o escusado, conectado a pozo séptico?", "b_Field33": 7, "b_Field34": 3, "b_Field35": 1, "b_Field36": 1, "b_Field37": "RUBEN SEGUNDO AGUALONGO ", "b_Field38": 39, "b_Field39": "7mo. Año de Educación General Básica – EGB (6to. Grado sistema anterior)", "b_Field40": "Sí", "b_Field41": " Indígena" }, "geometry": { "type": "Point", "coordinates": [ -78.95345502299088, -1.598348364256472 ] } },
{ "type": "Feature", "properties": { "id": 3403, "b_Field2": "Proyecto Guaranda", "b_Field3": "2025/07/14", "b_Field4": "BOLIVAR", "b_Field5": "GUARANDA", "b_Field6": "GABRIEL IGNACIO VEINTIMILLA", "b_Field7": "CASEICHE SAN ANTONIO", "b_Field8": "Rural", "b_Field9": "Sí", "b_Field10": 13, "b_Field11": "No", "b_Field12": 13, "b_Field13": "1ro. Año de Bachillerato (4to. Curso sistema anterior)", "b_Field14": 0, "b_Field15": null, "b_Field16": 0, "b_Field17": "No", "b_Field18": 0, "b_Field19": 0, "b_Field20": "No", "b_Field21": 48.6, "b_Field22": 152, "b_Field23": 21, "b_Field24": "Normal", "b_Field25": "No", "b_Field26": null, "b_Field27": "No", "b_Field28": "Ladrillo o bloque?", "b_Field29": "Cerámica, baldosa, vinil o porcelanato?", "b_Field30": "Por tubería, dentro de la vivienda?", "b_Field31": " Juntas de Agua/Organizaciones comunitarias/GAD parroquial?", "b_Field32": " Inodoro o escusado, conectado a pozo séptico?", "b_Field33": 7, "b_Field34": 3, "b_Field35": 1, "b_Field36": 1, "b_Field37": "RUBEN SEGUNDO AGUALONGO ", "b_Field38": 39, "b_Field39": "7mo. Año de Educación General Básica – EGB (6to. Grado sistema anterior)", "b_Field40": "Sí", "b_Field41": " Indígena" }, "geometry": { "type": "Point", "coordinates": [ -78.961242535659437, -1.595882115160783 ] } },
{ "type": "Feature", "properties": { "id": 3408, "b_Field2": "Proyecto Guaranda", "b_Field3": "2025/07/11", "b_Field4": "BOLIVAR", "b_Field5": "GUARANDA", "b_Field6": "ÁNGEL POLIBIO CHÁVES", "b_Field7": "NEGRO YACO", "b_Field8": "Rural", "b_Field9": "Sí", "b_Field10": 21, "b_Field11": "Sí", "b_Field12": 22, "b_Field13": "3er. Año de Bachillerato (6to. Curso sistema anterior)", "b_Field14": 0, "b_Field15": null, "b_Field16": 0, "b_Field17": "No", "b_Field18": 0, "b_Field19": 0, "b_Field20": "No", "b_Field21": 66.5, "b_Field22": 150, "b_Field23": 30, "b_Field24": "Sobre peso", "b_Field25": "Sí", "b_Field26": "Bono Infancia con Futuro (1000 días)", "b_Field27": "Sí", "b_Field28": "Ladrillo o bloque?", "b_Field29": "Ladrillo o cemento?", "b_Field30": "Por tubería, fuera de la vivienda pero dentro del edificio, lote o terreno?", "b_Field31": " Juntas de Agua/Organizaciones comunitarias/GAD parroquial?", "b_Field32": " Inodoro o escusado, conectado a pozo séptico?", "b_Field33": 2, "b_Field34": 1, "b_Field35": 0, "b_Field36": 0, "b_Field37": "ZOILA NATIVIDA HUILCA HUILCA", "b_Field38": 22, "b_Field39": "3er. Año de Bachillerato (6to. Curso sistema anterior)", "b_Field40": "No", "b_Field41": " Mestiza" }, "geometry": { "type": "Point", "coordinates": [ -79.136053483774859, -1.512861336516001 ] } },
{ "type": "Feature", "properties": { "id": 3423, "b_Field2": "Proyecto Guaranda", "b_Field3": "2025/07/11", "b_Field4": "BOLIVAR", "b_Field5": "GUARANDA", "b_Field6": "ÁNGEL POLIBIO CHÁVES", "b_Field7": "EL DORADO", "b_Field8": "Urbano", "b_Field9": "Sí", "b_Field10": 20, "b_Field11": "No", "b_Field12": 20, "b_Field13": "3er. Año de Bachillerato (6to. Curso sistema anterior)", "b_Field14": 0, "b_Field15": null, "b_Field16": 0, "b_Field17": "No", "b_Field18": 0, "b_Field19": 0, "b_Field20": "No", "b_Field21": 51.4, "b_Field22": 152, "b_Field23": 22, "b_Field24": "Normal", "b_Field25": "No", "b_Field26": null, "b_Field27": "No", "b_Field28": "Hormigón?", "b_Field29": "Cerámica, baldosa, vinil o porcelanato?", "b_Field30": "Por tubería, dentro de la vivienda?", "b_Field31": " Juntas de Agua/Organizaciones comunitarias/GAD parroquial?", "b_Field32": " Inodoro o escusado, conectado a pozo séptico?", "b_Field33": 5, "b_Field34": 5, "b_Field35": 0, "b_Field36": 0, "b_Field37": "KATY LETICIA MOPOSITA CHIMBORAZO", "b_Field38": 37, "b_Field39": "7mo. Año de Educación General Básica – EGB (6to. Grado sistema anterior)", "b_Field40": "Sí", "b_Field41": " Mestiza" }, "geometry": { "type": "Point", "coordinates": [ -79.118821454438105, -1.466495583832421 ] } },
{ "type": "Feature", "properties": { "id": 3424, "b_Field2": "Proyecto Guaranda", "b_Field3": "2025/07/11", "b_Field4": "BOLIVAR", "b_Field5": "GUARANDA", "b_Field6": "ÁNGEL POLIBIO CHÁVES", "b_Field7": "EL DORADO", "b_Field8": "Urbano", "b_Field9": "Sí", "b_Field10": 26, "b_Field11": "No", "b_Field12": 37, "b_Field13": "6to. Año de Educación General Básica – EGB (5to. Grado sistema anterior)", "b_Field14": 0, "b_Field15": null, "b_Field16": 0, "b_Field17": "No", "b_Field18": 1, "b_Field19": 0, "b_Field20": "No", "b_Field21": 61.0, "b_Field22": 142, "b_Field23": 30, "b_Field24": "Obesidad", "b_Field25": "No", "b_Field26": null, "b_Field27": "Sí", "b_Field28": "Ladrillo o bloque?", "b_Field29": "Ladrillo o cemento?", "b_Field30": "Por tubería, fuera de la vivienda pero dentro del edificio, lote o terreno?", "b_Field31": " Juntas de Agua/Organizaciones comunitarias/GAD parroquial?", "b_Field32": " Inodoro o escusado, conectado a pozo séptico?", "b_Field33": 3, "b_Field34": 2, "b_Field35": 0, "b_Field36": 0, "b_Field37": "BERTHA ISABEL FOGACHO SISA", "b_Field38": 37, "b_Field39": "6to. Año de Educación General Básica – EGB (5to. Grado sistema anterior)", "b_Field40": "No", "b_Field41": " Indígena" }, "geometry": { "type": "Point", "coordinates": [ -79.161684872483761, -1.529738584841561 ] } },
{ "type": "Feature", "properties": { "id": 3426, "b_Field2": "Proyecto Guaranda", "b_Field3": "2025/07/11", "b_Field4": "BOLIVAR", "b_Field5": "GUARANDA", "b_Field6": "ÁNGEL POLIBIO CHÁVES", "b_Field7": "AV. LA PRENSA", "b_Field8": "Urbano", "b_Field9": "Sí", "b_Field10": 22, "b_Field11": "No", "b_Field12": 31, "b_Field13": "3er. Año de Bachillerato (6to. Curso sistema anterior)", "b_Field14": 0, "b_Field15": null, "b_Field16": 0, "b_Field17": "No", "b_Field18": 2, "b_Field19": 0, "b_Field20": "No", "b_Field21": 74.3, "b_Field22": 152, "b_Field23": 32, "b_Field24": "Obesidad", "b_Field25": "No", "b_Field26": null, "b_Field27": "No", "b_Field28": "Ladrillo o bloque?", "b_Field29": "Ladrillo o cemento?", "b_Field30": "Por tubería, fuera de la vivienda pero dentro del edificio, lote o terreno?", "b_Field31": " Juntas de Agua/Organizaciones comunitarias/GAD parroquial?", "b_Field32": " Inodoro o escusado, conectado a pozo séptico?", "b_Field33": 4, "b_Field34": 2, "b_Field35": 2, "b_Field36": 2, "b_Field37": "JAVIER CHILENO", "b_Field38": 31, "b_Field39": "3er. Año de Bachillerato (6to. Curso sistema anterior)", "b_Field40": "No", "b_Field41": " Mestiza" }, "geometry": { "type": "Point", "coordinates": [ -79.092618330777697, -1.507556287913661 ] } },
{ "type": "Feature", "properties": { "id": 3427, "b_Field2": "Proyecto Guaranda", "b_Field3": "2025/07/11", "b_Field4": "BOLIVAR", "b_Field5": "GUARANDA", "b_Field6": "ÁNGEL POLIBIO CHÁVES", "b_Field7": "EL DORADO", "b_Field8": "Urbano", "b_Field9": "Sí", "b_Field10": 16, "b_Field11": "No", "b_Field12": 29, "b_Field13": "3er. Año de Bachillerato (6to. Curso sistema anterior)", "b_Field14": 0, "b_Field15": null, "b_Field16": 0, "b_Field17": "No", "b_Field18": 0, "b_Field19": 0, "b_Field20": "No", "b_Field21": 66.4, "b_Field22": 150, "b_Field23": 30, "b_Field24": "Sobre peso", "b_Field25": "No", "b_Field26": null, "b_Field27": "No", "b_Field28": "Hormigón?", "b_Field29": "Ladrillo o cemento?", "b_Field30": "Por tubería, dentro de la vivienda?", "b_Field31": " Juntas de Agua/Organizaciones comunitarias/GAD parroquial?", "b_Field32": " Inodoro o escusado, conectado a pozo séptico?", "b_Field33": 10, "b_Field34": 3, "b_Field35": 0, "b_Field36": 0, "b_Field37": "NELSON REA", "b_Field38": 71, "b_Field39": "3er. Año de Bachillerato (6to. Curso sistema anterior)", "b_Field40": "No", "b_Field41": " Indígena" }, "geometry": { "type": "Point", "coordinates": [ -79.110922422909198, -1.523373678167314 ] } },
{ "type": "Feature", "properties": { "id": 3430, "b_Field2": "Proyecto Guaranda", "b_Field3": "2025/07/04", "b_Field4": "BOLIVAR", "b_Field5": "GUARANDA", "b_Field6": "ÁNGEL POLIBIO CHÁVES", "b_Field7": "PRIMERO DE MAYO", "b_Field8": "Urbano", "b_Field9": "Sí", "b_Field10": 30, "b_Field11": "No", "b_Field12": 41, "b_Field13": "3er. Año de Bachillerato (6to. Curso sistema anterior)", "b_Field14": 0, "b_Field15": null, "b_Field16": 0, "b_Field17": "No", "b_Field18": 2, "b_Field19": 0, "b_Field20": "Sí", "b_Field21": 58.0, "b_Field22": 152, "b_Field23": 25, "b_Field24": "Sobre peso", "b_Field25": "No", "b_Field26": null, "b_Field27": "No", "b_Field28": "Ladrillo o bloque?", "b_Field29": "Ladrillo o cemento?", "b_Field30": "Por tubería, fuera de la vivienda pero dentro del edificio, lote o terreno?", "b_Field31": " Juntas de Agua/Organizaciones comunitarias/GAD parroquial?", "b_Field32": " Inodoro o escusado, conectado a pozo séptico?", "b_Field33": 5, "b_Field34": 2, "b_Field35": 0, "b_Field36": 0, "b_Field37": "HOLER RAUL YAZUMA", "b_Field38": 55, "b_Field39": "7mo. Año de Educación General Básica – EGB (6to. Grado sistema anterior)", "b_Field40": "Sí", "b_Field41": " Mestiza" }, "geometry": { "type": "Point", "coordinates": [ -79.183141719758311, -1.532390641196506 ] } },
{ "type": "Feature", "properties": { "id": 3431, "b_Field2": "Proyecto Guaranda", "b_Field3": "2025/07/11", "b_Field4": "BOLIVAR", "b_Field5": "GUARANDA", "b_Field6": "ÁNGEL POLIBIO CHÁVES", "b_Field7": "EL CORTIJO", "b_Field8": "Urbano", "b_Field9": "Sí", "b_Field10": 17, "b_Field11": "Sí", "b_Field12": 20, "b_Field13": "3er. Año de Bachillerato (6to. Curso sistema anterior)", "b_Field14": 0, "b_Field15": null, "b_Field16": 0, "b_Field17": "No", "b_Field18": 0, "b_Field19": 0, "b_Field20": "No", "b_Field21": 45.5, "b_Field22": 154, "b_Field23": 19, "b_Field24": "Normal", "b_Field25": "Sí", "b_Field26": "Bono Infancia con Futuro (1000 días)", "b_Field27": "Sí", "b_Field28": "Hormigón?", "b_Field29": "Ladrillo o cemento?", "b_Field30": "Por tubería, dentro de la vivienda?", "b_Field31": " Juntas de Agua/Organizaciones comunitarias/GAD parroquial?", "b_Field32": " Inodoro o escusado, conectado a pozo séptico?", "b_Field33": 2, "b_Field34": 1, "b_Field35": 0, "b_Field36": 0, "b_Field37": "PAULINA JUDTIH GUAILLA LEMA", "b_Field38": 20, "b_Field39": "3er. Año de Bachillerato (6to. Curso sistema anterior)", "b_Field40": "Sí", "b_Field41": " Mestiza" }, "geometry": { "type": "Point", "coordinates": [ -79.070104577508289, -1.518070286772728 ] } },
{ "type": "Feature", "properties": { "id": 3434, "b_Field2": "Proyecto Guaranda", "b_Field3": "2025/06/24", "b_Field4": "BOLIVAR", "b_Field5": "GUARANDA", "b_Field6": "SALINAS", "b_Field7": "LA PALMA", "b_Field8": "Rural", "b_Field9": "Sí", "b_Field10": 31, "b_Field11": "Sí", "b_Field12": 26, "b_Field13": "3er. Año de Bachillerato (6to. Curso sistema anterior)", "b_Field14": 0, "b_Field15": null, "b_Field16": 0, "b_Field17": "No", "b_Field18": 1, "b_Field19": 0, "b_Field20": "No", "b_Field21": 72.3, "b_Field22": 155, "b_Field23": 30, "b_Field24": "Obesidad", "b_Field25": "Sí", "b_Field26": "Bono de Desarrollo Humano", "b_Field27": "Sí", "b_Field28": "Ladrillo o bloque?", "b_Field29": "Ladrillo o cemento?", "b_Field30": "Por tubería, fuera de la vivienda pero dentro del edificio, lote o terreno?", "b_Field31": " Juntas de Agua/Organizaciones comunitarias/GAD parroquial?", "b_Field32": " Inodoro o escusado, conectado a pozo séptico?", "b_Field33": 5, "b_Field34": 2, "b_Field35": 1, "b_Field36": 1, "b_Field37": "HYPATIA AZAS", "b_Field38": 26, "b_Field39": "3er. Año de Bachillerato (6to. Curso sistema anterior)", "b_Field40": "Sí", "b_Field41": " Mestiza" }, "geometry": { "type": "Point", "coordinates": [ -79.098930756584011, -1.342678760256646 ] } },
{ "type": "Feature", "properties": { "id": 3435, "b_Field2": "Proyecto Guaranda", "b_Field3": "2025/07/11", "b_Field4": "BOLIVAR", "b_Field5": "GUARANDA", "b_Field6": "ÁNGEL POLIBIO CHÁVES", "b_Field7": "AV. GUAYAQUIL", "b_Field8": "Urbano", "b_Field9": "Sí", "b_Field10": 16, "b_Field11": "No", "b_Field12": 23, "b_Field13": "3er. Año de Bachillerato (6to. Curso sistema anterior)", "b_Field14": 0, "b_Field15": null, "b_Field16": 0, "b_Field17": "No", "b_Field18": 0, "b_Field19": 0, "b_Field20": "No", "b_Field21": 40.0, "b_Field22": 146, "b_Field23": 19, "b_Field24": "Normal", "b_Field25": "No", "b_Field26": null, "b_Field27": "No", "b_Field28": "Ladrillo o bloque?", "b_Field29": "Ladrillo o cemento?", "b_Field30": "Por tubería, dentro de la vivienda?", "b_Field31": " Juntas de Agua/Organizaciones comunitarias/GAD parroquial?", "b_Field32": " Inodoro o escusado, conectado a pozo séptico?", "b_Field33": 8, "b_Field34": 3, "b_Field35": 1, "b_Field36": 1, "b_Field37": "HENRY BLADIMIR CASTILLO GONZALES", "b_Field38": 53, "b_Field39": "3er. Año de Bachillerato (6to. Curso sistema anterior)", "b_Field40": "Sí", "b_Field41": " Mestiza" }, "geometry": { "type": "Point", "coordinates": [ -79.131850146086634, -1.531819518860777 ] } },
{ "type": "Feature", "properties": { "id": 3475, "b_Field2": "Proyecto Guaranda", "b_Field3": "2025/07/25", "b_Field4": "BOLIVAR", "b_Field5": "GUARANDA", "b_Field6": "GABRIEL IGNACIO VEINTIMILLA", "b_Field7": "PIRCAPAMBA", "b_Field8": "Rural", "b_Field9": "Sí", "b_Field10": 21, "b_Field11": "No", "b_Field12": 28, "b_Field13": "3er. Año de Bachillerato (6to. Curso sistema anterior)", "b_Field14": 0, "b_Field15": null, "b_Field16": 0, "b_Field17": "No", "b_Field18": 1, "b_Field19": 0, "b_Field20": "No", "b_Field21": 53.5, "b_Field22": 148, "b_Field23": 24, "b_Field24": "Normal", "b_Field25": "No", "b_Field26": null, "b_Field27": "No", "b_Field28": "Ladrillo o bloque?", "b_Field29": "Ladrillo o cemento?", "b_Field30": "Por tubería, dentro de la vivienda?", "b_Field31": " Juntas de Agua/Organizaciones comunitarias/GAD parroquial?", "b_Field32": " Inodoro o escusado, conectado a pozo séptico?", "b_Field33": 4, "b_Field34": 2, "b_Field35": 0, "b_Field36": 0, "b_Field37": "JHON JAIRO BETANCOURT", "b_Field38": 33, "b_Field39": "3er. Año de Bachillerato (6to. Curso sistema anterior)", "b_Field40": "Sí", "b_Field41": " Afroecuatoriana o Afrodescenciente" }, "geometry": { "type": "Point", "coordinates": [ -78.932690607227727, -1.602725654861853 ] } },
{ "type": "Feature", "properties": { "id": 3476, "b_Field2": "Proyecto Guaranda", "b_Field3": "2025/07/25", "b_Field4": "BOLIVAR", "b_Field5": "GUARANDA", "b_Field6": "SAN SIMON", "b_Field7": "CACHISAGUA", "b_Field8": "Rural", "b_Field9": "Sí", "b_Field10": 33, "b_Field11": "Sí", "b_Field12": 15, "b_Field13": "9no. Año de Educación General Básica – EGB (2do. Curso sistema anterior)", "b_Field14": 0, "b_Field15": null, "b_Field16": 0, "b_Field17": "No", "b_Field18": 0, "b_Field19": 0, "b_Field20": "No", "b_Field21": 62.1, "b_Field22": 151, "b_Field23": 27, "b_Field24": "Sobre peso", "b_Field25": "Sí", "b_Field26": "Bono Infancia con Futuro (1000 días)", "b_Field27": "No", "b_Field28": "Adobe o tapia?", "b_Field29": "Tierra?", "b_Field30": "Por tubería, dentro de la vivienda?", "b_Field31": " Juntas de Agua/Organizaciones comunitarias/GAD parroquial?", "b_Field32": " Letrina?", "b_Field33": 3, "b_Field34": 1, "b_Field35": 0, "b_Field36": 0, "b_Field37": "NARCISA CHIMBOLEMA", "b_Field38": 46, "b_Field39": "6to. Año de Educación General Básica – EGB (5to. Grado sistema anterior)", "b_Field40": "No", "b_Field41": " Indígena" }, "geometry": { "type": "Point", "coordinates": [ -78.987974239300883, -1.634806743540995 ] } },
{ "type": "Feature", "properties": { "id": 3483, "b_Field2": "Proyecto Guaranda", "b_Field3": "2025/07/23", "b_Field4": "BOLIVAR", "b_Field5": "GUARANDA", "b_Field6": "SIMIATUG", "b_Field7": "PIMBALO", "b_Field8": "Rural", "b_Field9": "Sí", "b_Field10": 26, "b_Field11": "No", "b_Field12": 29, "b_Field13": "1er. Año de Educación General Básica – EGB (Jardín de Infantes)", "b_Field14": 0, "b_Field15": null, "b_Field16": 0, "b_Field17": "No", "b_Field18": 1, "b_Field19": 0, "b_Field20": "No", "b_Field21": 59.4, "b_Field22": 148, "b_Field23": 27, "b_Field24": "Sobre peso", "b_Field25": "No", "b_Field26": null, "b_Field27": "Sí", "b_Field28": "Adobe o tapia?", "b_Field29": "Tierra?", "b_Field30": "Por tubería, dentro de la vivienda?", "b_Field31": " Juntas de Agua/Organizaciones comunitarias/GAD parroquial?", "b_Field32": " Inodoro o escusado, conectado a pozo séptico?", "b_Field33": 2, "b_Field34": 1, "b_Field35": 0, "b_Field36": 0, "b_Field37": "MELIDA ESMERALDA MASABANDA POAQUIZA", "b_Field38": 29, "b_Field39": "3er. Año de Bachillerato (6to. Curso sistema anterior)", "b_Field40": "Sí", "b_Field41": " Indígena" }, "geometry": { "type": "Point", "coordinates": [ -78.916250998977461, -1.282878469308473 ] } },
{ "type": "Feature", "properties": { "id": 3632, "b_Field2": "Proyecto Guaranda", "b_Field3": "2025/08/20", "b_Field4": "BOLIVAR", "b_Field5": "GUARANDA", "b_Field6": "SIMIATUG", "b_Field7": "LLULLIMUNLLO", "b_Field8": "Rural", "b_Field9": "Sí", "b_Field10": 5, "b_Field11": "Sí", "b_Field12": 24, "b_Field13": "3er. Año de Bachillerato (6to. Curso sistema anterior)", "b_Field14": 0, "b_Field15": null, "b_Field16": 0, "b_Field17": "No", "b_Field18": 1, "b_Field19": 0, "b_Field20": "No", "b_Field21": 44.7, "b_Field22": 142, "b_Field23": 22, "b_Field24": "Normal", "b_Field25": "Sí", "b_Field26": "Bono de Desarrollo Humano", "b_Field27": "Sí", "b_Field28": "Ladrillo o bloque?", "b_Field29": "Tierra?", "b_Field30": "Por tubería, fuera de la vivienda pero dentro del edificio, lote o terreno?", "b_Field31": " Juntas de Agua/Organizaciones comunitarias/GAD parroquial?", "b_Field32": " Inodoro o escusado, conectado a pozo séptico?", "b_Field33": 2, "b_Field34": 1, "b_Field35": 1, "b_Field36": 1, "b_Field37": "NANCY VERONICA MAZABANDA TUQUERES", "b_Field38": 24, "b_Field39": "3er. Año de Bachillerato (6to. Curso sistema anterior)", "b_Field40": "Sí", "b_Field41": " Indígena" }, "geometry": { "type": "Point", "coordinates": [ -78.915718473143642, -1.265835055783153 ] } }
]
}
