{
"type": "FeatureCollection",
"name": "beneficiarios",
"crs": { "type": "name", "properties": { "name": "urn:ogc:def:crs:OGC:1.3:CRS84" } },
"features": [
{ "type": "Feature", "properties": { "id": 3195, "beneficiar": "Proyecto Guaranda", "benefici_1": "2025-06-25", "benefici_2": "BOLIVAR", "benefici_3": "GUARANDA", "benefici_4": "SIMIATUG", "benefici_5": "MINDINA", "benefici_6": "Rural", "benefici_7": "Sí", "benefici_8": 32, "benefici_9": "Sí", "benefici10": 18, "benefici11": "9no. Año de Educación General Básica – EGB (2do. Curso sistema anterior)", "benefici12": 0, "benefici13": null, "benefici14": 0, "benefici15": "No", "benefici16": 0, "benefici17": 0, "benefici18": "No", "benefici19": 56.0, "benefici20": 140, "benefici21": 29, "benefici22": "Sobre peso", "benefici23": "Sí", "benefici24": "Bono Infancia con Futuro (1000 días)", "benefici25": "No", "benefici26": "Ladrillo o bloque?", "benefici27": "Ladrillo o cemento?", "benefici28": "Por tubería, fuera de la vivienda pero dentro del edificio, lote o terreno?", "benefici29": " Juntas de Agua/Organizaciones comunitarias/GAD parroquial?", "benefici30": " Letrina?", "benefici31": 4, "benefici32": 1, "benefici33": 0, "benefici34": 0, "benefici35": "FRANCIZO POAQUIZA", "benefici36": 68, "benefici37": "5to. Año de Educación General Básica – EGB (4to. Grado sistema anterior)", "benefici38": "Sí", "benefici39": " Indígena" }, "geometry": { "type": "Point", "coordinates": [ -78.992314289354681, -1.284589093972172 ] } },
{ "type": "Feature", "properties": { "id": 3196, "beneficiar": "Proyecto Guaranda", "benefici_1": "2025-05-14", "benefici_2": "BOLIVAR", "benefici_3": "GUARANDA", "benefici_4": "SIMIATUG", "benefici_5": "GERRANA", "benefici_6": "Rural", "benefici_7": "Sí", "benefici_8": 7, "benefici_9": "No", "benefici10": 17, "benefici11": "9no. Año de Educación General Básica – EGB (2do. Curso sistema anterior)", "benefici12": 0, "benefici13": null, "benefici14": 0, "benefici15": "No", "benefici16": 0, "benefici17": 0, "benefici18": "No", "benefici19": 71.9, "benefici20": 151, "benefici21": 32, "benefici22": "Obesidad", "benefici23": "No", "benefici24": null, "benefici25": "No", "benefici26": "Ladrillo o bloque?", "benefici27": "Ladrillo o cemento?", "benefici28": "Por tubería, fuera de la vivienda pero dentro del edificio, lote o terreno?", "benefici29": " Juntas de Agua/Organizaciones comunitarias/GAD parroquial?", "benefici30": " Inodoro o escusado, conectado a pozo séptico?", "benefici31": 3, "benefici32": 1, "benefici33": 0, "benefici34": 0, "benefici35": "MARIA ROMELIA AUCATOMA", "benefici36": 44, "benefici37": "1er. Año de Educación General Básica – EGB (Jardín de Infantes)", "benefici38": "No", "benefici39": " Indígena" }, "geometry": { "type": "Point", "coordinates": [ -78.979205013395344, -1.283479100203041 ] } },
{ "type": "Feature", "properties": { "id": 3197, "beneficiar": "Proyecto Guaranda", "benefici_1": "2025-06-25", "benefici_2": "BOLIVAR", "benefici_3": "GUARANDA", "benefici_4": "SIMIATUG", "benefici_5": "COCHALOMA", "benefici_6": "Rural", "benefici_7": "Sí", "benefici_8": 18, "benefici_9": "No", "benefici10": 22, "benefici11": "1er. Año de Educación General Básica – EGB (Jardín de Infantes)", "benefici12": 0, "benefici13": null, "benefici14": 0, "benefici15": "No", "benefici16": 0, "benefici17": 0, "benefici18": "No", "benefici19": 51.0, "benefici20": 155, "benefici21": 21, "benefici22": "Normal", "benefici23": "No", "benefici24": null, "benefici25": "No", "benefici26": "Adobe o tapia?", "benefici27": "Tierra?", "benefici28": "No recibe agua por tubería, sino por otros medios?", "benefici29": " Otras fuentes (río, vertiente, acequia, canal, grieta o agua lluvia)?", "benefici30": " Letrina?", "benefici31": 5, "benefici32": 2, "benefici33": 1, "benefici34": 1, "benefici35": "PEDRO ANTONIO CAIZAGUANO", "benefici36": 54, "benefici37": "4to. Año de Educación General Básica – EGB (3er. Grado sistema anterior)", "benefici38": "Sí", "benefici39": " Indígena" }, "geometry": { "type": "Point", "coordinates": [ -79.012522556443997, -1.289003450801362 ] } },
{ "type": "Feature", "properties": { "id": 3206, "beneficiar": "Proyecto Guaranda", "benefici_1": "2025-06-25", "benefici_2": "BOLIVAR", "benefici_3": "GUARANDA", "benefici_4": "SIMIATUG", "benefici_5": "SIMIATUG CENTRO", "benefici_6": "Rural", "benefici_7": "Sí", "benefici_8": 18, "benefici_9": "Sí", "benefici10": 35, "benefici11": "3er. Año de Bachillerato (6to. Curso sistema anterior)", "benefici12": 0, "benefici13": null, "benefici14": 0, "benefici15": "No", "benefici16": 1, "benefici17": 0, "benefici18": "No", "benefici19": 50.0, "benefici20": 151, "benefici21": 22, "benefici22": "Normal", "benefici23": "Sí", "benefici24": "Bono de Desarrollo Humano", "benefici25": "Sí", "benefici26": "Ladrillo o bloque?", "benefici27": "Tabla sin tratar?", "benefici28": "Por tubería, fuera de la vivienda pero dentro del edificio, lote o terreno?", "benefici29": " Juntas de Agua/Organizaciones comunitarias/GAD parroquial?", "benefici30": " Inodoro o escusado, conectado a pozo séptico?", "benefici31": 3, "benefici32": 1, "benefici33": 1, "benefici34": 1, "benefici35": "MAYGUA IPATIA AYME CHIMBORAZO", "benefici36": 35, "benefici37": "3er. Año de Bachillerato (6to. Curso sistema anterior)", "benefici38": "Sí", "benefici39": " Indígena" }, "geometry": { "type": "Point", "coordinates": [ -78.999947707188042, -1.302738598245764 ] } },
{ "type": "Feature", "properties": { "id": 3207, "beneficiar": "Proyecto Guaranda", "benefici_1": "2025-06-25", "benefici_2": "BOLIVAR", "benefici_3": "GUARANDA", "benefici_4": "SIMIATUG", "benefici_5": "CUTAHUA", "benefici_6": "Rural", "benefici_7": "Sí", "benefici_8": 25, "benefici_9": "Sí", "benefici10": 36, "benefici11": "4to. Año de Educación General Básica – EGB (3er. Grado sistema anterior)", "benefici12": 0, "benefici13": null, "benefici14": 0, "benefici15": "No", "benefici16": 4, "benefici17": 0, "benefici18": "No", "benefici19": 65.0, "benefici20": 150, "benefici21": 29, "benefici22": "Sobre peso", "benefici23": "Sí", "benefici24": "Bono de Desarrollo Humano Variable", "benefici25": "No", "benefici26": "Ladrillo o bloque?", "benefici27": "Ladrillo o cemento?", "benefici28": "Por tubería, fuera de la vivienda pero dentro del edificio, lote o terreno?", "benefici29": " Juntas de Agua/Organizaciones comunitarias/GAD parroquial?", "benefici30": " Inodoro o escusado, conectado a pozo séptico?", "benefici31": 6, "benefici32": 3, "benefici33": 2, "benefici34": 2, "benefici35": "ANGEL CHIMBORAZO", "benefici36": 35, "benefici37": "7mo. Año de Educación General Básica – EGB (6to. Grado sistema anterior)", "benefici38": "Sí", "benefici39": " Indígena" }, "geometry": { "type": "Point", "coordinates": [ -78.981955073936973, -1.259290246787859 ] } },
{ "type": "Feature", "properties": { "id": 3208, "beneficiar": "Proyecto Guaranda", "benefici_1": "2025-06-25", "benefici_2": "BOLIVAR", "benefici_3": "GUARANDA", "benefici_4": "SIMIATUG", "benefici_5": "INGAPIRCA", "benefici_6": "Rural", "benefici_7": "Sí", "benefici_8": 26, "benefici_9": "No", "benefici10": 18, "benefici11": "7mo. Año de Educación General Básica – EGB (6to. Grado sistema anterior)", "benefici12": 0, "benefici13": null, "benefici14": 0, "benefici15": "No", "benefici16": 0, "benefici17": 0, "benefici18": "No", "benefici19": 53.0, "benefici20": 152, "benefici21": 23, "benefici22": "Normal", "benefici23": "No", "benefici24": null, "benefici25": "No", "benefici26": "Ladrillo o bloque?", "benefici27": "Tierra?", "benefici28": "No recibe agua por tubería, sino por otros medios?", "benefici29": " Otras fuentes (río, vertiente, acequia, canal, grieta o agua lluvia)?", "benefici30": " Letrina?", "benefici31": 6, "benefici32": 1, "benefici33": 0, "benefici34": 0, "benefici35": "JORGE ARMANDO CHICAIZA DE LA CRUZ", "benefici36": 41, "benefici37": "7mo. Año de Educación General Básica – EGB (6to. Grado sistema anterior)", "benefici38": "Sí", "benefici39": " Indígena" }, "geometry": { "type": "Point", "coordinates": [ -78.961734966489928, -1.270819986718716 ] } },
{ "type": "Feature", "properties": { "id": 3210, "beneficiar": "Proyecto Guaranda", "benefici_1": "2025-05-21", "benefici_2": "BOLIVAR", "benefici_3": "GUARANDA", "benefici_4": "SIMIATUG", "benefici_5": "CUTAHUA", "benefici_6": "Rural", "benefici_7": "Sí", "benefici_8": 20, "benefici_9": "Sí", "benefici10": 28, "benefici11": "7mo. Año de Educación General Básica – EGB (6to. Grado sistema anterior)", "benefici12": 1, "benefici13": "Otro pariente", "benefici14": 0, "benefici15": "No", "benefici16": 0, "benefici17": 0, "benefici18": "No", "benefici19": 50.5, "benefici20": 140, "benefici21": 26, "benefici22": "Sobre peso", "benefici23": "Sí", "benefici24": "Bono de Desarrollo Humano", "benefici25": "Sí", "benefici26": "Madera?", "benefici27": "Tierra?", "benefici28": "No recibe agua por tubería, sino por otros medios?", "benefici29": " Otras fuentes (río, vertiente, acequia, canal, grieta o agua lluvia)?", "benefici30": " No tiene", "benefici31": 2, "benefici32": 1, "benefici33": 0, "benefici34": 0, "benefici35": "MARIA ALEJANDRA TIXILEMA CAIZA", "benefici36": 28, "benefici37": "7mo. Año de Educación General Básica – EGB (6to. Grado sistema anterior)", "benefici38": "Sí", "benefici39": " Indígena" }, "geometry": { "type": "Point", "coordinates": [ -78.94478348651306, -1.293347589618282 ] } },
{ "type": "Feature", "properties": { "id": 3212, "beneficiar": "Proyecto Guaranda", "benefici_1": "2025-05-14", "benefici_2": "BOLIVAR", "benefici_3": "GUARANDA", "benefici_4": "SIMIATUG", "benefici_5": "PIMBALO", "benefici_6": "Rural", "benefici_7": "Sí", "benefici_8": 11, "benefici_9": "No", "benefici10": 16, "benefici11": "8vo. Año de Educación General Básica – EGB (1er. Curso sistema anterior)", "benefici12": 0, "benefici13": null, "benefici14": 0, "benefici15": "No", "benefici16": 0, "benefici17": 0, "benefici18": "No", "benefici19": 46.9, "benefici20": 146, "benefici21": 22, "benefici22": "Normal", "benefici23": "No", "benefici24": null, "benefici25": "No", "benefici26": "Adobe o tapia?", "benefici27": "Tierra?", "benefici28": "No recibe agua por tubería, sino por otros medios?", "benefici29": " Otras fuentes (río, vertiente, acequia, canal, grieta o agua lluvia)?", "benefici30": " Letrina?", "benefici31": 5, "benefici32": 2, "benefici33": 0, "benefici34": 0, "benefici35": "RAUL JESUS MASABANDA CHANAGUANO", "benefici36": 43, "benefici37": "3er. Año de Bachillerato (6to. Curso sistema anterior)", "benefici38": "Sí", "benefici39": " Indígena" }, "geometry": { "type": "Point", "coordinates": [ -79.02714910072568, -1.270871120584514 ] } },
{ "type": "Feature", "properties": { "id": 3213, "beneficiar": "Proyecto Guaranda", "benefici_1": "2025-05-14", "benefici_2": "BOLIVAR", "benefici_3": "GUARANDA", "benefici_4": "SIMIATUG", "benefici_5": "YATALÓ", "benefici_6": "Rural", "benefici_7": "Sí", "benefici_8": 16, "benefici_9": "Sí", "benefici10": 27, "benefici11": "4to. Año de Educación General Básica – EGB (3er. Grado sistema anterior)", "benefici12": 0, "benefici13": null, "benefici14": 0, "benefici15": "No", "benefici16": 1, "benefici17": 0, "benefici18": "No", "benefici19": 59.5, "benefici20": 160, "benefici21": 23, "benefici22": "Normal", "benefici23": "Sí", "benefici24": "Bono de Desarrollo Humano", "benefici25": "Sí", "benefici26": "Adobe o tapia?", "benefici27": "Tierra?", "benefici28": "No recibe agua por tubería, sino por otros medios?", "benefici29": " Otras fuentes (río, vertiente, acequia, canal, grieta o agua lluvia)?", "benefici30": " No tiene", "benefici31": 3, "benefici32": 1, "benefici33": 1, "benefici34": 1, "benefici35": "MIRIAN JANETH AZOGUE AZOGUE", "benefici36": 27, "benefici37": "4to. Año de Educación General Básica – EGB (3er. Grado sistema anterior)", "benefici38": "Sí", "benefici39": " Indígena" }, "geometry": { "type": "Point", "coordinates": [ -79.027676409344465, -1.295613051579876 ] } },
{ "type": "Feature", "properties": { "id": 3215, "beneficiar": "Proyecto Guaranda", "benefici_1": "2025-05-14", "benefici_2": "BOLIVAR", "benefici_3": "GUARANDA", "benefici_4": "SIMIATUG", "benefici_5": "YATALÓ", "benefici_6": "Rural", "benefici_7": "Sí", "benefici_8": 20, "benefici_9": "No", "benefici10": 17, "benefici11": "3er. Año de Bachillerato (6to. Curso sistema anterior)", "benefici12": 0, "benefici13": null, "benefici14": 0, "benefici15": "No", "benefici16": 0, "benefici17": 0, "benefici18": "No", "benefici19": 47.0, "benefici20": 144, "benefici21": 23, "benefici22": "Normal", "benefici23": "No", "benefici24": null, "benefici25": "No", "benefici26": "Ladrillo o bloque?", "benefici27": "Tierra?", "benefici28": "Por tubería, fuera de la vivienda pero dentro del edificio, lote o terreno?", "benefici29": " Juntas de Agua/Organizaciones comunitarias/GAD parroquial?", "benefici30": " Inodoro o escusado, conectado a pozo séptico?", "benefici31": 6, "benefici32": 1, "benefici33": 1, "benefici34": 1, "benefici35": "LUIS ENRIQUE AUCATOMA AZOGUE", "benefici36": 41, "benefici37": "3er. Año de Bachillerato (6to. Curso sistema anterior)", "benefici38": "Sí", "benefici39": " Indígena" }, "geometry": { "type": "Point", "coordinates": [ -79.015684648533096, -1.2615155476887 ] } },
{ "type": "Feature", "properties": { "id": 3216, "beneficiar": "Proyecto Guaranda", "benefici_1": "2025-05-14", "benefici_2": "BOLIVAR", "benefici_3": "GUARANDA", "benefici_4": "SIMIATUG", "benefici_5": "GUANGULIQUIN", "benefici_6": "Rural", "benefici_7": "Sí", "benefici_8": 13, "benefici_9": "Sí", "benefici10": 39, "benefici11": "3er. Año de Bachillerato (6to. Curso sistema anterior)", "benefici12": 0, "benefici13": null, "benefici14": 0, "benefici15": "No", "benefici16": 2, "benefici17": 0, "benefici18": "Sí", "benefici19": 59.8, "benefici20": 140, "benefici21": 31, "benefici22": "Obesidad", "benefici23": "Sí", "benefici24": "Bono de Desarrollo Humano", "benefici25": "No", "benefici26": "Adobe o tapia?", "benefici27": "Tierra?", "benefici28": "Por tubería, dentro de la vivienda?", "benefici29": " Juntas de Agua/Organizaciones comunitarias/GAD parroquial?", "benefici30": " Inodoro o escusado, conectado a pozo séptico?", "benefici31": 4, "benefici32": 1, "benefici33": 1, "benefici34": 1, "benefici35": "WALTER CAIZA", "benefici36": 42, "benefici37": "3er. Año de Bachillerato (6to. Curso sistema anterior)", "benefici38": "Sí", "benefici39": " Indígena" }, "geometry": { "type": "Point", "coordinates": [ -79.013462626579795, -1.309347043712676 ] } },
{ "type": "Feature", "properties": { "id": 3236, "beneficiar": "Proyecto Guaranda", "benefici_1": "2025-05-14", "benefici_2": "BOLIVAR", "benefici_3": "GUARANDA", "benefici_4": "SIMIATUG", "benefici_5": "COCHA COLORADA", "benefici_6": "Rural", "benefici_7": "Sí", "benefici_8": 20, "benefici_9": "No", "benefici10": 30, "benefici11": "2do. Año de Bachillerato (5to. Curso sistema anterior)", "benefici12": 0, "benefici13": null, "benefici14": 0, "benefici15": "No", "benefici16": 0, "benefici17": 0, "benefici18": "No", "benefici19": 63.0, "benefici20": 151, "benefici21": 28, "benefici22": "Sobre peso", "benefici23": "No", "benefici24": null, "benefici25": "No", "benefici26": "Adobe o tapia?", "benefici27": "Tierra?", "benefici28": "Por tubería, dentro de la vivienda?", "benefici29": " Juntas de Agua/Organizaciones comunitarias/GAD parroquial?", "benefici30": " Inodoro o escusado, conectado a pozo séptico?", "benefici31": 6, "benefici32": 3, "benefici33": 0, "benefici34": 0, "benefici35": "LUIS ALFONSO CHISAG YANCHALIQUIN", "benefici36": 51, "benefici37": "3er. Año de Bachillerato (6to. Curso sistema anterior)", "benefici38": "Sí", "benefici39": " Indígena" }, "geometry": { "type": "Point", "coordinates": [ -78.993791309960088, -1.31647867662367 ] } },
{ "type": "Feature", "properties": { "id": 3240, "beneficiar": "Proyecto Guaranda", "benefici_1": "2025-05-14", "benefici_2": "BOLIVAR", "benefici_3": "GUARANDA", "benefici_4": "SIMIATUG", "benefici_5": "PIMBALO", "benefici_6": "Rural", "benefici_7": "Sí", "benefici_8": 16, "benefici_9": "No", "benefici10": 16, "benefici11": "2do. Año de Bachillerato (5to. Curso sistema anterior)", "benefici12": 0, "benefici13": null, "benefici14": 0, "benefici15": "No", "benefici16": 0, "benefici17": 0, "benefici18": "No", "benefici19": 48.0, "benefici20": 145, "benefici21": 23, "benefici22": "Normal", "benefici23": "No", "benefici24": null, "benefici25": "No", "benefici26": "Adobe o tapia?", "benefici27": "Tierra?", "benefici28": "Por tubería, fuera de la vivienda pero dentro del edificio, lote o terreno?", "benefici29": " Juntas de Agua/Organizaciones comunitarias/GAD parroquial?", "benefici30": " Inodoro o escusado, conectado a pozo séptico?", "benefici31": 4, "benefici32": 2, "benefici33": 1, "benefici34": 1, "benefici35": "HILDA ROCIO CAIZA YANCHALIQUIN", "benefici36": 42, "benefici37": "3er. Año de Bachillerato (6to. Curso sistema anterior)", "benefici38": "No", "benefici39": " Indígena" }, "geometry": { "type": "Point", "coordinates": [ -79.045170610690079, -1.278032542499087 ] } },
{ "type": "Feature", "properties": { "id": 3242, "beneficiar": "Proyecto Guaranda", "benefici_1": "2025-05-14", "benefici_2": "BOLIVAR", "benefici_3": "GUARANDA", "benefici_4": "SIMIATUG", "benefici_5": "POTRERO", "benefici_6": "Rural", "benefici_7": "Sí", "benefici_8": 16, "benefici_9": "Sí", "benefici10": 40, "benefici11": "3er. Año de Educación General Básica – EGB (2do. Grado sistema anterior)", "benefici12": 0, "benefici13": null, "benefici14": 0, "benefici15": "No", "benefici16": 1, "benefici17": 0, "benefici18": "No", "benefici19": 64.4, "benefici20": 155, "benefici21": 27, "benefici22": "Sobre peso", "benefici23": "Sí", "benefici24": "Bono Infancia con Futuro (1000 días)", "benefici25": "Sí", "benefici26": "Ladrillo o bloque?", "benefici27": "Ladrillo o cemento?", "benefici28": "Por tubería, fuera de la vivienda pero dentro del edificio, lote o terreno?", "benefici29": " Juntas de Agua/Organizaciones comunitarias/GAD parroquial?", "benefici30": " Inodoro o escusado, conectado a pozo séptico?", "benefici31": 4, "benefici32": 2, "benefici33": 0, "benefici34": 0, "benefici35": "BERTHA MARINA QUISINTUÑA RAMOS", "benefici36": 40, "benefici37": "3er. Año de Educación General Básica – EGB (2do. Grado sistema anterior)", "benefici38": "Sí", "benefici39": " Indígena" }, "geometry": { "type": "Point", "coordinates": [ -78.959385863103918, -1.305454799426846 ] } },
{ "type": "Feature", "properties": { "id": 3244, "beneficiar": "Proyecto Guaranda", "benefici_1": "2025-05-28", "benefici_2": "BOLIVAR", "benefici_3": "GUARANDA", "benefici_4": "SIMIATUG", "benefici_5": "YATALÓ", "benefici_6": "Rural", "benefici_7": "Sí", "benefici_8": 18, "benefici_9": "Sí", "benefici10": 38, "benefici11": "1er. Año de Educación General Básica – EGB (Jardín de Infantes)", "benefici12": 0, "benefici13": null, "benefici14": 0, "benefici15": "No", "benefici16": 6, "benefici17": 0, "benefici18": "Sí", "benefici19": 48.3, "benefici20": 140, "benefici21": 25, "benefici22": "Normal", "benefici23": "Sí", "benefici24": "Bono de Desarrollo Humano", "benefici25": "No", "benefici26": "Adobe o tapia?", "benefici27": "Tierra?", "benefici28": "Por tubería, dentro de la vivienda?", "benefici29": " Juntas de Agua/Organizaciones comunitarias/GAD parroquial?", "benefici30": " No tiene", "benefici31": 8, "benefici32": 1, "benefici33": 4, "benefici34": 4, "benefici35": "SEGUNDO MANUEL YUMBULEMA CHISAG", "benefici36": 40, "benefici37": "7mo. Año de Educación General Básica – EGB (6to. Grado sistema anterior)", "benefici38": "Sí", "benefici39": " Indígena" }, "geometry": { "type": "Point", "coordinates": [ -78.937564255517486, -1.270250889703544 ] } },
{ "type": "Feature", "properties": { "id": 3251, "beneficiar": "Proyecto Guaranda", "benefici_1": "2025-05-28", "benefici_2": "BOLIVAR", "benefici_3": "GUARANDA", "benefici_4": "SIMIATUG", "benefici_5": "POTRERO", "benefici_6": "Rural", "benefici_7": "Sí", "benefici_8": 12, "benefici_9": "No", "benefici10": 17, "benefici11": "1ro. Año de Bachillerato (4to. Curso sistema anterior)", "benefici12": 0, "benefici13": null, "benefici14": 0, "benefici15": "No", "benefici16": 0, "benefici17": 0, "benefici18": "No", "benefici19": 55.0, "benefici20": 146, "benefici21": 26, "benefici22": "Sobre peso", "benefici23": "No", "benefici24": null, "benefici25": "No", "benefici26": "Adobe o tapia?", "benefici27": "Tierra?", "benefici28": "Por tubería, fuera de la vivienda pero dentro del edificio, lote o terreno?", "benefici29": " Juntas de Agua/Organizaciones comunitarias/GAD parroquial?", "benefici30": " Inodoro o escusado, conectado a pozo séptico?", "benefici31": 9, "benefici32": 2, "benefici33": 1, "benefici34": 1, "benefici35": "CARLOS POAQUIZA", "benefici36": 48, "benefici37": "7mo. Año de Educación General Básica – EGB (6to. Grado sistema anterior)", "benefici38": "Sí", "benefici39": " Indígena" }, "geometry": { "type": "Point", "coordinates": [ -79.011337666037676, -1.230723050245589 ] } },
{ "type": "Feature", "properties": { "id": 3255, "beneficiar": "Proyecto Guaranda", "benefici_1": "2025-05-28", "benefici_2": "BOLIVAR", "benefici_3": "GUARANDA", "benefici_4": "SIMIATUG", "benefici_5": "YATALÓ", "benefici_6": "Rural", "benefici_7": "Sí", "benefici_8": 26, "benefici_9": "Sí", "benefici10": 22, "benefici11": "10mo. Año de Educación General Básica – EGB (3er. Curso sistema anterior)", "benefici12": 0, "benefici13": null, "benefici14": 0, "benefici15": "No", "benefici16": 1, "benefici17": 0, "benefici18": "No", "benefici19": 47.5, "benefici20": 146, "benefici21": 22, "benefici22": "Normal", "benefici23": "Sí", "benefici24": "Bono Infancia con Futuro (1000 días)", "benefici25": "Sí", "benefici26": "Adobe o tapia?", "benefici27": "Tierra?", "benefici28": "Por tubería, dentro de la vivienda?", "benefici29": " Juntas de Agua/Organizaciones comunitarias/GAD parroquial?", "benefici30": " No tiene", "benefici31": 3, "benefici32": 1, "benefici33": 0, "benefici34": 0, "benefici35": "BLANCA MERCEDES AUCATOMA CHISAG", "benefici36": 23, "benefici37": "10mo. Año de Educación General Básica – EGB (3er. Curso sistema anterior)", "benefici38": "No", "benefici39": " Indígena" }, "geometry": { "type": "Point", "coordinates": [ -78.967086328715766, -1.237836752031094 ] } },
{ "type": "Feature", "properties": { "id": 3257, "beneficiar": "Proyecto Guaranda", "benefici_1": "2025-05-28", "benefici_2": "BOLIVAR", "benefici_3": "GUARANDA", "benefici_4": "SIMIATUG", "benefici_5": "PIMBALO", "benefici_6": "Rural", "benefici_7": "Sí", "benefici_8": 24, "benefici_9": "No", "benefici10": 18, "benefici11": "8vo. Año de Educación General Básica – EGB (1er. Curso sistema anterior)", "benefici12": 0, "benefici13": null, "benefici14": 0, "benefici15": "No", "benefici16": 0, "benefici17": 0, "benefici18": "No", "benefici19": 62.0, "benefici20": 150, "benefici21": 28, "benefici22": "Sobre peso", "benefici23": "No", "benefici24": null, "benefici25": "No", "benefici26": "Adobe o tapia?", "benefici27": "Tierra?", "benefici28": "Por tubería, fuera de la vivienda pero dentro del edificio, lote o terreno?", "benefici29": " Juntas de Agua/Organizaciones comunitarias/GAD parroquial?", "benefici30": " Inodoro o escusado, conectado a pozo séptico?", "benefici31": 3, "benefici32": 1, "benefici33": 0, "benefici34": 0, "benefici35": "MARIA SERVILLA POAQUIZA POAQUIZA", "benefici36": 37, "benefici37": "1er. Año de Educación General Básica – EGB (Jardín de Infantes)", "benefici38": "Sí", "benefici39": " Indígena" }, "geometry": { "type": "Point", "coordinates": [ -79.040294145312672, -1.224146835369108 ] } },
{ "type": "Feature", "properties": { "id": 3258, "beneficiar": "Proyecto Guaranda", "benefici_1": "2025-06-11", "benefici_2": "BOLIVAR", "benefici_3": "GUARANDA", "benefici_4": "SIMIATUG", "benefici_5": "LAIHUA KURIÑAN", "benefici_6": "Rural", "benefici_7": "Sí", "benefici_8": 27, "benefici_9": "Sí", "benefici10": 19, "benefici11": "3er. Año de Bachillerato (6to. Curso sistema anterior)", "benefici12": 0, "benefici13": null, "benefici14": 0, "benefici15": "No", "benefici16": 0, "benefici17": 0, "benefici18": "No", "benefici19": 39.1, "benefici20": 137, "benefici21": 21, "benefici22": "Normal", "benefici23": "Sí", "benefici24": "Bono Infancia con Futuro (1000 días)", "benefici25": "No", "benefici26": "Adobe o tapia?", "benefici27": "Tierra?", "benefici28": "Por tubería, dentro de la vivienda?", "benefici29": " Juntas de Agua/Organizaciones comunitarias/GAD parroquial?", "benefici30": " Letrina?", "benefici31": 6, "benefici32": 1, "benefici33": 2, "benefici34": 2, "benefici35": "JOSE PIO CAIZA PUNINA", "benefici36": 40, "benefici37": "5to. Año de Educación General Básica – EGB (4to. Grado sistema anterior)", "benefici38": "Sí", "benefici39": " Indígena" }, "geometry": { "type": "Point", "coordinates": [ -79.044065920509468, -1.293976391543452 ] } },
{ "type": "Feature", "properties": { "id": 3259, "beneficiar": "Proyecto Guaranda", "benefici_1": "2025-06-11", "benefici_2": "BOLIVAR", "benefici_3": "GUARANDA", "benefici_4": "SIMIATUG", "benefici_5": "MINDINA", "benefici_6": "Rural", "benefici_7": "Sí", "benefici_8": 31, "benefici_9": "No", "benefici10": 17, "benefici11": "2do. Año de Bachillerato (5to. Curso sistema anterior)", "benefici12": 0, "benefici13": null, "benefici14": 0, "benefici15": "No", "benefici16": 0, "benefici17": 0, "benefici18": "Sí", "benefici19": 47.0, "benefici20": 150, "benefici21": 21, "benefici22": "Normal", "benefici23": "No", "benefici24": null, "benefici25": "No", "benefici26": "Ladrillo o bloque?", "benefici27": "Ladrillo o cemento?", "benefici28": "Por tubería, dentro de la vivienda?", "benefici29": " Juntas de Agua/Organizaciones comunitarias/GAD parroquial?", "benefici30": " Inodoro o escusado, conectado a pozo séptico?", "benefici31": 6, "benefici32": 1, "benefici33": 1, "benefici34": 1, "benefici35": "LUIS ALFREDO YANCHALIQUIN CAIZA", "benefici36": 37, "benefici37": "10mo. Año de Educación General Básica – EGB (3er. Curso sistema anterior)", "benefici38": "Sí", "benefici39": " Indígena" }, "geometry": { "type": "Point", "coordinates": [ -79.037545479534145, -1.247786862097561 ] } },
{ "type": "Feature", "properties": { "id": 3260, "beneficiar": "Proyecto Guaranda", "benefici_1": "2025-06-11", "benefici_2": "BOLIVAR", "benefici_3": "GUARANDA", "benefici_4": "SIMIATUG", "benefici_5": "POTRERO", "benefici_6": "Rural", "benefici_7": "Sí", "benefici_8": 27, "benefici_9": "No", "benefici10": 20, "benefici11": "3er. Año de Bachillerato (6to. Curso sistema anterior)", "benefici12": 0, "benefici13": null, "benefici14": 0, "benefici15": "No", "benefici16": 0, "benefici17": 0, "benefici18": "No", "benefici19": 39.9, "benefici20": 143, "benefici21": 20, "benefici22": "Normal", "benefici23": "No", "benefici24": null, "benefici25": "No", "benefici26": "Madera?", "benefici27": "Tierra?", "benefici28": "Por tubería, dentro de la vivienda?", "benefici29": " Juntas de Agua/Organizaciones comunitarias/GAD parroquial?", "benefici30": " Inodoro o escusado, conectado a pozo séptico?", "benefici31": 2, "benefici32": 1, "benefici33": 0, "benefici34": 0, "benefici35": "EDGAR SIGCHA", "benefici36": 24, "benefici37": "10mo. Año de Educación General Básica – EGB (3er. Curso sistema anterior)", "benefici38": "Sí", "benefici39": " Indígena" }, "geometry": { "type": "Point", "coordinates": [ -78.943043019322033, -1.249363530749294 ] } },
{ "type": "Feature", "properties": { "id": 3261, "beneficiar": "Proyecto Guaranda", "benefici_1": "2025-06-11", "benefici_2": "BOLIVAR", "benefici_3": "GUARANDA", "benefici_4": "SIMIATUG", "benefici_5": "MIRAFLORES", "benefici_6": "Rural", "benefici_7": "Sí", "benefici_8": 25, "benefici_9": "No", "benefici10": 29, "benefici11": "3er. Año de Bachillerato (6to. Curso sistema anterior)", "benefici12": 0, "benefici13": null, "benefici14": 0, "benefici15": "No", "benefici16": 0, "benefici17": 0, "benefici18": "Sí", "benefici19": 59.0, "benefici20": 151, "benefici21": 26, "benefici22": "Sobre peso", "benefici23": "No", "benefici24": null, "benefici25": "Sí", "benefici26": "Adobe o tapia?", "benefici27": "Tierra?", "benefici28": "Por tubería, dentro de la vivienda?", "benefici29": " Juntas de Agua/Organizaciones comunitarias/GAD parroquial?", "benefici30": " Inodoro o escusado, conectado a pozo séptico?", "benefici31": 1, "benefici32": 1, "benefici33": 0, "benefici34": 0, "benefici35": "SISA ADRIANA AZOGUE SINCHIGALO", "benefici36": 29, "benefici37": "3er. Año de Bachillerato (6to. Curso sistema anterior)", "benefici38": "Sí", "benefici39": " Indígena" }, "geometry": { "type": "Point", "coordinates": [ -78.969755811447314, -1.316459091135686 ] } },
{ "type": "Feature", "properties": { "id": 3262, "beneficiar": "Proyecto Guaranda", "benefici_1": "2025-06-18", "benefici_2": "BOLIVAR", "benefici_3": "GUARANDA", "benefici_4": "SIMIATUG", "benefici_5": "LLULLIMUNLLO", "benefici_6": "Rural", "benefici_7": "Sí", "benefici_8": 29, "benefici_9": "Sí", "benefici10": 33, "benefici11": "7mo. Año de Educación General Básica – EGB (6to. Grado sistema anterior)", "benefici12": 0, "benefici13": null, "benefici14": 0, "benefici15": "No", "benefici16": 1, "benefici17": 0, "benefici18": "No", "benefici19": 36.6, "benefici20": 138, "benefici21": 19, "benefici22": "Normal", "benefici23": "Sí", "benefici24": "Bono de Desarrollo Humano", "benefici25": "Sí", "benefici26": "Madera?", "benefici27": "Tierra?", "benefici28": "No recibe agua por tubería, sino por otros medios?", "benefici29": " Otras fuentes (río, vertiente, acequia, canal, grieta o agua lluvia)?", "benefici30": " No tiene", "benefici31": 3, "benefici32": 1, "benefici33": 1, "benefici34": 1, "benefici35": "MARIA MAZABANDA", "benefici36": 33, "benefici37": "7mo. Año de Educación General Básica – EGB (6to. Grado sistema anterior)", "benefici38": "Sí", "benefici39": " Indígena" }, "geometry": { "type": "Point", "coordinates": [ -78.987841497773474, -1.240601681440174 ] } },
{ "type": "Feature", "properties": { "id": 3263, "beneficiar": "Proyecto Guaranda", "benefici_1": "2025-06-18", "benefici_2": "BOLIVAR", "benefici_3": "GUARANDA", "benefici_4": "SIMIATUG", "benefici_5": "MINDINA", "benefici_6": "Rural", "benefici_7": "Sí", "benefici_8": 9, "benefici_9": "No", "benefici10": 36, "benefici11": "3er. Año de Educación General Básica – EGB (2do. Grado sistema anterior)", "benefici12": 0, "benefici13": null, "benefici14": 0, "benefici15": "No", "benefici16": 1, "benefici17": 0, "benefici18": "No", "benefici19": 58.0, "benefici20": 143, "benefici21": 28, "benefici22": "Sobre peso", "benefici23": "No", "benefici24": null, "benefici25": "No", "benefici26": "Madera?", "benefici27": "Tierra?", "benefici28": "Por tubería, fuera de la vivienda pero dentro del edificio, lote o terreno?", "benefici29": " Juntas de Agua/Organizaciones comunitarias/GAD parroquial?", "benefici30": " Letrina?", "benefici31": 3, "benefici32": 1, "benefici33": 0, "benefici34": 0, "benefici35": "SEGUNDO JULIO CAIZA YANCHALIQUIN", "benefici36": 50, "benefici37": "3er. Año de Educación General Básica – EGB (2do. Grado sistema anterior)", "benefici38": "No", "benefici39": " Indígena" }, "geometry": { "type": "Point", "coordinates": [ -78.948478555361945, -1.283454472701795 ] } },
{ "type": "Feature", "properties": { "id": 3264, "beneficiar": "Proyecto Guaranda", "benefici_1": "2025-06-18", "benefici_2": "BOLIVAR", "benefici_3": "GUARANDA", "benefici_4": "SIMIATUG", "benefici_5": "YATALÓ", "benefici_6": "Rural", "benefici_7": "Sí", "benefici_8": 26, "benefici_9": "Sí", "benefici10": 37, "benefici11": "7mo. Año de Educación General Básica – EGB (6to. Grado sistema anterior)", "benefici12": 0, "benefici13": null, "benefici14": 0, "benefici15": "No", "benefici16": 3, "benefici17": 0, "benefici18": "No", "benefici19": 44.1, "benefici20": 144, "benefici21": 21, "benefici22": "Normal", "benefici23": "Sí", "benefici24": "Bono de Desarrollo Humano Variable", "benefici25": "No", "benefici26": "Adobe o tapia?", "benefici27": "Tierra?", "benefici28": "No recibe agua por tubería, sino por otros medios?", "benefici29": " Otras fuentes (río, vertiente, acequia, canal, grieta o agua lluvia)?", "benefici30": " No tiene", "benefici31": 5, "benefici32": 1, "benefici33": 2, "benefici34": 1, "benefici35": "LUIS ESTUARDO AZOGUE GAVILANEZ", "benefici36": 36, "benefici37": "7mo. Año de Educación General Básica – EGB (6to. Grado sistema anterior)", "benefici38": "No", "benefici39": " Indígena" }, "geometry": { "type": "Point", "coordinates": [ -78.938687620020559, -1.230667519913809 ] } },
{ "type": "Feature", "properties": { "id": 3338, "beneficiar": "Proyecto Guaranda", "benefici_1": "2025-06-20", "benefici_2": "BOLIVAR", "benefici_3": "GUARANDA", "benefici_4": "SIMIATUG", "benefici_5": "TALAHUA", "benefici_6": "Rural", "benefici_7": "Sí", "benefici_8": 28, "benefici_9": "Sí", "benefici10": 27, "benefici11": "10mo. Año de Educación General Básica – EGB (3er. Curso sistema anterior)", "benefici12": 0, "benefici13": null, "benefici14": 0, "benefici15": "No", "benefici16": 1, "benefici17": 0, "benefici18": "No", "benefici19": 54.3, "benefici20": 160, "benefici21": 21, "benefici22": "Normal", "benefici23": "Sí", "benefici24": "Bono de Desarrollo Humano", "benefici25": "Sí", "benefici26": "Adobe o tapia?", "benefici27": "Tierra?", "benefici28": "Por tubería, fuera de la vivienda pero dentro del edificio, lote o terreno?", "benefici29": " Juntas de Agua/Organizaciones comunitarias/GAD parroquial?", "benefici30": " Inodoro o escusado, conectado a pozo séptico?", "benefici31": 3, "benefici32": 1, "benefici33": 1, "benefici34": 1, "benefici35": "BLANCA PIEDAD POAQUIZA SIGCHA", "benefici36": 27, "benefici37": "10mo. Año de Educación General Básica – EGB (3er. Curso sistema anterior)", "benefici38": "Sí", "benefici39": " Mestiza" }, "geometry": { "type": "Point", "coordinates": [ -78.966499445944876, -1.290066453857661 ] } },
{ "type": "Feature", "properties": { "id": 3337, "beneficiar": "Proyecto Guaranda", "benefici_1": "2025-06-20", "benefici_2": "BOLIVAR", "benefici_3": "GUARANDA", "benefici_4": "SIMIATUG", "benefici_5": "TALAHUA", "benefici_6": "Rural", "benefici_7": "Sí", "benefici_8": 20, "benefici_9": "Sí", "benefici10": 33, "benefici11": "3er. Año de Educación General Básica – EGB (2do. Grado sistema anterior)", "benefici12": 0, "benefici13": null, "benefici14": 0, "benefici15": "No", "benefici16": 2, "benefici17": 0, "benefici18": "No", "benefici19": 61.5, "benefici20": 151, "benefici21": 27, "benefici22": "Sobre peso", "benefici23": "Sí", "benefici24": "Bono de Desarrollo Humano", "benefici25": "Sí", "benefici26": "Madera?", "benefici27": "Tabla sin tratar?", "benefici28": "Por tubería, fuera de la vivienda pero dentro del edificio, lote o terreno?", "benefici29": " Juntas de Agua/Organizaciones comunitarias/GAD parroquial?", "benefici30": " Inodoro o escusado, conectado a pozo séptico?", "benefici31": 3, "benefici32": 1, "benefici33": 1, "benefici34": 0, "benefici35": "VERONICA JACKELIN TOAPANTA POAQUIZA", "benefici36": 33, "benefici37": "3er. Año de Educación General Básica – EGB (2do. Grado sistema anterior)", "benefici38": "No", "benefici39": " Mestiza" }, "geometry": { "type": "Point", "coordinates": [ -78.956703587858073, -1.243326596447498 ] } },
{ "type": "Feature", "properties": { "id": 3335, "beneficiar": "Proyecto Guaranda", "benefici_1": "2025-05-14", "benefici_2": "BOLIVAR", "benefici_3": "GUARANDA", "benefici_4": "SIMIATUG", "benefici_5": "TALAHUA", "benefici_6": "Rural", "benefici_7": "Sí", "benefici_8": 21, "benefici_9": "No", "benefici10": 23, "benefici11": "3er. Año de Bachillerato (6to. Curso sistema anterior)", "benefici12": 0, "benefici13": null, "benefici14": 0, "benefici15": "No", "benefici16": 0, "benefici17": 0, "benefici18": "No", "benefici19": 51.2, "benefici20": 155, "benefici21": 21, "benefici22": "Normal", "benefici23": "No", "benefici24": null, "benefici25": "No", "benefici26": "Ladrillo o bloque?", "benefici27": "Tierra?", "benefici28": "Por tubería, fuera de la vivienda pero dentro del edificio, lote o terreno?", "benefici29": " Juntas de Agua/Organizaciones comunitarias/GAD parroquial?", "benefici30": " Inodoro o escusado, conectado a pozo séptico?", "benefici31": 4, "benefici32": 1, "benefici33": 0, "benefici34": 0, "benefici35": "SEGUNDO ASENCIO GUAMAN TOAPANTA", "benefici36": 58, "benefici37": "7mo. Año de Educación General Básica – EGB (6to. Grado sistema anterior)", "benefici38": "Sí", "benefici39": " Indígena" }, "geometry": { "type": "Point", "coordinates": [ -79.006409887796664, -1.246113879366591 ] } },
{ "type": "Feature", "properties": { "id": 3336, "beneficiar": "Proyecto Guaranda", "benefici_1": "2025-05-30", "benefici_2": "BOLIVAR", "benefici_3": "GUARANDA", "benefici_4": "SIMIATUG", "benefici_5": "QUIALO", "benefici_6": "Rural", "benefici_7": "Sí", "benefici_8": 25, "benefici_9": "No", "benefici10": 16, "benefici11": "8vo. Año de Educación General Básica – EGB (1er. Curso sistema anterior)", "benefici12": 0, "benefici13": null, "benefici14": 0, "benefici15": "No", "benefici16": 0, "benefici17": 0, "benefici18": "No", "benefici19": 39.9, "benefici20": 147, "benefici21": 18, "benefici22": "Bajo peso", "benefici23": "No", "benefici24": null, "benefici25": "No", "benefici26": "Adobe o tapia?", "benefici27": "Tierra?", "benefici28": "Por tubería, fuera de la vivienda pero dentro del edificio, lote o terreno?", "benefici29": " Juntas de Agua/Organizaciones comunitarias/GAD parroquial?", "benefici30": " Inodoro o escusado, conectado a pozo séptico?", "benefici31": 7, "benefici32": 1, "benefici33": 3, "benefici34": 3, "benefici35": "SEGUNDO ANGEL TIVIANO FAVICELA", "benefici36": 37, "benefici37": "3er. Año de Bachillerato (6to. Curso sistema anterior)", "benefici38": "Sí", "benefici39": " Indígena" }, "geometry": { "type": "Point", "coordinates": [ -78.926102500744008, -1.25869633497021 ] } },
{ "type": "Feature", "properties": { "id": 3334, "beneficiar": "Proyecto Guaranda", "benefici_1": "2025-05-14", "benefici_2": "BOLIVAR", "benefici_3": "GUARANDA", "benefici_4": "SIMIATUG", "benefici_5": "QUIALO", "benefici_6": "Rural", "benefici_7": "Sí", "benefici_8": 21, "benefici_9": "No", "benefici10": 17, "benefici11": "3er. Año de Educación General Básica – EGB (2do. Grado sistema anterior)", "benefici12": 0, "benefici13": null, "benefici14": 0, "benefici15": "No", "benefici16": 0, "benefici17": 0, "benefici18": "No", "benefici19": 51.0, "benefici20": 156, "benefici21": 21, "benefici22": "Normal", "benefici23": "No", "benefici24": null, "benefici25": "No", "benefici26": "Ladrillo o bloque?", "benefici27": "Tierra?", "benefici28": "Por tubería, fuera de la vivienda pero dentro del edificio, lote o terreno?", "benefici29": " Juntas de Agua/Organizaciones comunitarias/GAD parroquial?", "benefici30": " Inodoro o escusado, conectado a pozo séptico?", "benefici31": 3, "benefici32": 1, "benefici33": 0, "benefici34": 0, "benefici35": "MARIA ESTHER YANCHALIQUIN FAVICELA", "benefici36": 34, "benefici37": "4to. Año de Educación General Básica – EGB (3er. Grado sistema anterior)", "benefici38": "Sí", "benefici39": " Indígena" }, "geometry": { "type": "Point", "coordinates": [ -78.980668531100378, -1.3318622923016 ] } },
{ "type": "Feature", "properties": { "id": 3333, "beneficiar": "Proyecto Guaranda", "benefici_1": "2025-05-13", "benefici_2": "BOLIVAR", "benefici_3": "GUARANDA", "benefici_4": "SIMIATUG", "benefici_5": "TALAHUA", "benefici_6": "Rural", "benefici_7": "Sí", "benefici_8": 9, "benefici_9": "No", "benefici10": 13, "benefici11": "9no. Año de Educación General Básica – EGB (2do. Curso sistema anterior)", "benefici12": 1, "benefici13": "Otro pariente", "benefici14": 57, "benefici15": "Sí", "benefici16": 0, "benefici17": 0, "benefici18": "Sí", "benefici19": 62.9, "benefici20": 158, "benefici21": 25, "benefici22": "Sobre peso", "benefici23": "No", "benefici24": null, "benefici25": "No", "benefici26": "Ladrillo o bloque?", "benefici27": "Ladrillo o cemento?", "benefici28": "Por tubería, fuera de la vivienda pero dentro del edificio, lote o terreno?", "benefici29": " Juntas de Agua/Organizaciones comunitarias/GAD parroquial?", "benefici30": " Inodoro o escusado, conectado a pozo séptico?", "benefici31": 4, "benefici32": 2, "benefici33": 1, "benefici34": 1, "benefici35": "MARIA ELENA YANCHALIQUIN AUCATOMA", "benefici36": 45, "benefici37": "1er. Año de Educación General Básica – EGB (Jardín de Infantes)", "benefici38": "No", "benefici39": " Indígena" }, "geometry": { "type": "Point", "coordinates": [ -79.066471317809828, -1.283547019032932 ] } },
{ "type": "Feature", "properties": { "id": 3265, "beneficiar": "Proyecto Guaranda", "benefici_1": "2025-07-02", "benefici_2": "BOLIVAR", "benefici_3": "GUARANDA", "benefici_4": "SIMIATUG", "benefici_5": "PAPALOMA", "benefici_6": "Rural", "benefici_7": "Sí", "benefici_8": 16, "benefici_9": "Sí", "benefici10": 43, "benefici11": "7mo. Año de Educación General Básica – EGB (6to. Grado sistema anterior)", "benefici12": 0, "benefici13": null, "benefici14": 0, "benefici15": "No", "benefici16": 2, "benefici17": 0, "benefici18": "Sí", "benefici19": 49.0, "benefici20": 132, "benefici21": 28, "benefici22": "Sobre peso", "benefici23": "Sí", "benefici24": "Bono de Desarrollo Humano", "benefici25": "Sí", "benefici26": "Adobe o tapia?", "benefici27": "Tierra?", "benefici28": "Por tubería, fuera de la vivienda pero dentro del edificio, lote o terreno?", "benefici29": " Juntas de Agua/Organizaciones comunitarias/GAD parroquial?", "benefici30": " Inodoro o escusado, conectado a pozo séptico?", "benefici31": 5, "benefici32": 2, "benefici33": 1, "benefici34": 1, "benefici35": "MARIA OLGA TIXILEMA YANCHALIQUIN", "benefici36": 43, "benefici37": "7mo. Año de Educación General Básica – EGB (6to. Grado sistema anterior)", "benefici38": "No", "benefici39": " Indígena" }, "geometry": { "type": "Point", "coordinates": [ -79.036406999781903, -1.308265612191523 ] } },
{ "type": "Feature", "properties": { "id": 3339, "beneficiar": "Proyecto Guaranda", "benefici_1": "2025-07-09", "benefici_2": "BOLIVAR", "benefici_3": "GUARANDA", "benefici_4": "SIMIATUG", "benefici_5": "SIMIATUG", "benefici_6": "Rural", "benefici_7": "Sí", "benefici_8": 12, "benefici_9": "No", "benefici10": 17, "benefici11": "3er. Año de Bachillerato (6to. Curso sistema anterior)", "benefici12": 0, "benefici13": null, "benefici14": 0, "benefici15": "No", "benefici16": 0, "benefici17": 0, "benefici18": "No", "benefici19": 58.5, "benefici20": 152, "benefici21": 25, "benefici22": "Sobre peso", "benefici23": "No", "benefici24": null, "benefici25": "No", "benefici26": "Adobe o tapia?", "benefici27": "Tierra?", "benefici28": "Por tubería, fuera de la vivienda pero dentro del edificio, lote o terreno?", "benefici29": " Juntas de Agua/Organizaciones comunitarias/GAD parroquial?", "benefici30": " Inodoro o escusado, conectado a pozo séptico?", "benefici31": 5, "benefici32": 3, "benefici33": 1, "benefici34": 1, "benefici35": "LUIS CESAR AUCATOMA AUCATOMA", "benefici36": 52, "benefici37": "7mo. Año de Educación General Básica – EGB (6to. Grado sistema anterior)", "benefici38": "Sí", "benefici39": " Indígena" }, "geometry": { "type": "Point", "coordinates": [ -79.021700566410914, -1.252173392889073 ] } },
{ "type": "Feature", "properties": { "id": 3392, "beneficiar": "Proyecto Guaranda", "benefici_1": "2025-06-11", "benefici_2": "BOLIVAR", "benefici_3": "GUARANDA", "benefici_4": "SIMIATUG", "benefici_5": "LAIHUA CHIQUIZUNGO", "benefici_6": "Rural", "benefici_7": "Sí", "benefici_8": 16, "benefici_9": "No", "benefici10": 25, "benefici11": "9no. Año de Educación General Básica – EGB (2do. Curso sistema anterior)", "benefici12": 0, "benefici13": null, "benefici14": 0, "benefici15": "No", "benefici16": 1, "benefici17": 0, "benefici18": "No", "benefici19": 48.2, "benefici20": 147, "benefici21": 22, "benefici22": "Normal", "benefici23": "Sí", "benefici24": "Bono Infancia con Futuro (1000 días)", "benefici25": "No", "benefici26": "Adobe o tapia?", "benefici27": "Tierra?", "benefici28": "Por tubería, fuera de la vivienda pero dentro del edificio, lote o terreno?", "benefici29": " Juntas de Agua/Organizaciones comunitarias/GAD parroquial?", "benefici30": " Letrina?", "benefici31": 3, "benefici32": 1, "benefici33": 0, "benefici34": 0, "benefici35": "BYRON PATRICIO MASABANDA CHISAG", "benefici36": 25, "benefici37": "7mo. Año de Educación General Básica – EGB (6to. Grado sistema anterior)", "benefici38": "Sí", "benefici39": " Indígena" }, "geometry": { "type": "Point", "coordinates": [ -78.948456854140332, -1.310393908912959 ] } },
{ "type": "Feature", "properties": { "id": 3393, "beneficiar": "Proyecto Guaranda", "benefici_1": "2025-06-25", "benefici_2": "BOLIVAR", "benefici_3": "GUARANDA", "benefici_4": "SIMIATUG", "benefici_5": "BOLICHE", "benefici_6": "Rural", "benefici_7": "Sí", "benefici_8": 25, "benefici_9": "Sí", "benefici10": 33, "benefici11": "3er. Año de Bachillerato (6to. Curso sistema anterior)", "benefici12": 0, "benefici13": null, "benefici14": 0, "benefici15": "No", "benefici16": 2, "benefici17": 0, "benefici18": "No", "benefici19": 50.0, "benefici20": 143, "benefici21": 24, "benefici22": "Normal", "benefici23": "Sí", "benefici24": "Bono de Desarrollo Humano Variable", "benefici25": "Sí", "benefici26": "Ladrillo o bloque?", "benefici27": "Ladrillo o cemento?", "benefici28": "Por tubería, fuera de la vivienda pero dentro del edificio, lote o terreno?", "benefici29": " Juntas de Agua/Organizaciones comunitarias/GAD parroquial?", "benefici30": " Inodoro o escusado, conectado a pozo séptico?", "benefici31": 4, "benefici32": 1, "benefici33": 2, "benefici34": 2, "benefici35": "BLANCA CELIDA RUIZ CAIZA", "benefici36": 33, "benefici37": "3er. Año de Bachillerato (6to. Curso sistema anterior)", "benefici38": "Sí", "benefici39": " Indígena" }, "geometry": { "type": "Point", "coordinates": [ -78.929938184522655, -1.243305604806044 ] } },
{ "type": "Feature", "properties": { "id": 3256, "beneficiar": "Proyecto Guaranda", "benefici_1": "2025-05-28", "benefici_2": "BOLIVAR", "benefici_3": "GUARANDA", "benefici_4": "SIMIATUG", "benefici_5": "CHIGUE", "benefici_6": "Rural", "benefici_7": "Sí", "benefici_8": 12, "benefici_9": "Sí", "benefici10": 38, "benefici11": "7mo. Año de Educación General Básica – EGB (6to. Grado sistema anterior)", "benefici12": 0, "benefici13": null, "benefici14": 0, "benefici15": "No", "benefici16": 3, "benefici17": 0, "benefici18": "No", "benefici19": 59.0, "benefici20": 150, "benefici21": 26, "benefici22": "Sobre peso", "benefici23": "Sí", "benefici24": "Bono Infancia con Futuro (1000 días)", "benefici25": "Sí", "benefici26": "Adobe o tapia?", "benefici27": "Tierra?", "benefici28": "Por tubería, fuera de la vivienda pero dentro del edificio, lote o terreno?", "benefici29": " Juntas de Agua/Organizaciones comunitarias/GAD parroquial?", "benefici30": " Inodoro o escusado, conectado a pozo ciego?", "benefici31": 5, "benefici32": 1, "benefici33": 1, "benefici34": 1, "benefici35": "SANDRA GUADALUPE TIBANLOMBO LUCINTUÑA", "benefici36": 38, "benefici37": "7mo. Año de Educación General Básica – EGB (6to. Grado sistema anterior)", "benefici38": "No", "benefici39": " Indígena" }, "geometry": { "type": "Point", "coordinates": [ -79.046824276759665, -1.258240358512488 ] } },
{ "type": "Feature", "properties": { "id": 3483, "beneficiar": "Proyecto Guaranda", "benefici_1": "2025-07-23", "benefici_2": "BOLIVAR", "benefici_3": "GUARANDA", "benefici_4": "SIMIATUG", "benefici_5": "PIMBALO", "benefici_6": "Rural", "benefici_7": "Sí", "benefici_8": 26, "benefici_9": "No", "benefici10": 29, "benefici11": "1er. Año de Educación General Básica – EGB (Jardín de Infantes)", "benefici12": 0, "benefici13": null, "benefici14": 0, "benefici15": "No", "benefici16": 1, "benefici17": 0, "benefici18": "No", "benefici19": 59.4, "benefici20": 148, "benefici21": 27, "benefici22": "Sobre peso", "benefici23": "No", "benefici24": null, "benefici25": "Sí", "benefici26": "Adobe o tapia?", "benefici27": "Tierra?", "benefici28": "Por tubería, dentro de la vivienda?", "benefici29": " Juntas de Agua/Organizaciones comunitarias/GAD parroquial?", "benefici30": " Inodoro o escusado, conectado a pozo séptico?", "benefici31": 2, "benefici32": 1, "benefici33": 0, "benefici34": 0, "benefici35": "MELIDA ESMERALDA MASABANDA POAQUIZA", "benefici36": 29, "benefici37": "3er. Año de Bachillerato (6to. Curso sistema anterior)", "benefici38": "Sí", "benefici39": " Indígena" }, "geometry": { "type": "Point", "coordinates": [ -78.916250998977461, -1.282878469308473 ] } },
{ "type": "Feature", "properties": { "id": 3632, "beneficiar": "Proyecto Guaranda", "benefici_1": "2025-08-20", "benefici_2": "BOLIVAR", "benefici_3": "GUARANDA", "benefici_4": "SIMIATUG", "benefici_5": "LLULLIMUNLLO", "benefici_6": "Rural", "benefici_7": "Sí", "benefici_8": 5, "benefici_9": "Sí", "benefici10": 24, "benefici11": "3er. Año de Bachillerato (6to. Curso sistema anterior)", "benefici12": 0, "benefici13": null, "benefici14": 0, "benefici15": "No", "benefici16": 1, "benefici17": 0, "benefici18": "No", "benefici19": 44.7, "benefici20": 142, "benefici21": 22, "benefici22": "Normal", "benefici23": "Sí", "benefici24": "Bono de Desarrollo Humano", "benefici25": "Sí", "benefici26": "Ladrillo o bloque?", "benefici27": "Tierra?", "benefici28": "Por tubería, fuera de la vivienda pero dentro del edificio, lote o terreno?", "benefici29": " Juntas de Agua/Organizaciones comunitarias/GAD parroquial?", "benefici30": " Inodoro o escusado, conectado a pozo séptico?", "benefici31": 2, "benefici32": 1, "benefici33": 1, "benefici34": 1, "benefici35": "NANCY VERONICA MAZABANDA TUQUERES", "benefici36": 24, "benefici37": "3er. Año de Bachillerato (6to. Curso sistema anterior)", "benefici38": "Sí", "benefici39": " Indígena" }, "geometry": { "type": "Point", "coordinates": [ -78.915718473143642, -1.265835055783153 ] } },
{ "type": "Feature", "properties": { "id": 3280, "beneficiar": "Proyecto Guaranda", "benefici_1": "2025-05-27", "benefici_2": "BOLIVAR", "benefici_3": "GUARANDA", "benefici_4": "SALINAS", "benefici_5": "BARRIO MIRAFLORES ALTO", "benefici_6": "Rural", "benefici_7": "Sí", "benefici_8": 24, "benefici_9": "No", "benefici10": 33, "benefici11": "3er. Año de Bachillerato (6to. Curso sistema anterior)", "benefici12": 0, "benefici13": null, "benefici14": 0, "benefici15": "No", "benefici16": 2, "benefici17": 0, "benefici18": "No", "benefici19": 69.9, "benefici20": 153, "benefici21": 30, "benefici22": "Sobre peso", "benefici23": "No", "benefici24": null, "benefici25": "No", "benefici26": "Ladrillo o bloque?", "benefici27": "Ladrillo o cemento?", "benefici28": "Por tubería, fuera de la vivienda pero dentro del edificio, lote o terreno?", "benefici29": " Juntas de Agua/Organizaciones comunitarias/GAD parroquial?", "benefici30": " Inodoro o escusado, conectado a pozo séptico?", "benefici31": 4, "benefici32": 2, "benefici33": 0, "benefici34": 0, "benefici35": "ADRIAN RUIZ", "benefici36": 38, "benefici37": "3er. Año de Bachillerato (6to. Curso sistema anterior)", "benefici38": "Sí", "benefici39": " Indígena" }, "geometry": { "type": "Point", "coordinates": [ -79.111206723541628, -1.363307285394818 ] } },
{ "type": "Feature", "properties": { "id": 3281, "beneficiar": "Proyecto Guaranda", "benefici_1": "2025-05-27", "benefici_2": "BOLIVAR", "benefici_3": "GUARANDA", "benefici_4": "SALINAS", "benefici_5": "SALINAS  CENTRO", "benefici_6": "Rural", "benefici_7": "Sí", "benefici_8": 24, "benefici_9": "No", "benefici10": 44, "benefici11": "7mo. Año de Educación General Básica – EGB (6to. Grado sistema anterior)", "benefici12": 0, "benefici13": null, "benefici14": 0, "benefici15": "No", "benefici16": 1, "benefici17": 0, "benefici18": "No", "benefici19": 57.2, "benefici20": 151, "benefici21": 25, "benefici22": "Sobre peso", "benefici23": "No", "benefici24": null, "benefici25": "Sí", "benefici26": "Ladrillo o bloque?", "benefici27": "Ladrillo o cemento?", "benefici28": "Por tubería, fuera de la vivienda pero dentro del edificio, lote o terreno?", "benefici29": " Juntas de Agua/Organizaciones comunitarias/GAD parroquial?", "benefici30": " Inodoro o escusado, conectado a red pública de alcantarillado?", "benefici31": 3, "benefici32": 2, "benefici33": 0, "benefici34": 0, "benefici35": "ELVIA CENAYDA PUNGAÑA PUNGAÑA", "benefici36": 44, "benefici37": "7mo. Año de Educación General Básica – EGB (6to. Grado sistema anterior)", "benefici38": "Sí", "benefici39": " Mestiza" }, "geometry": { "type": "Point", "coordinates": [ -79.120494301212076, -1.36303968073762 ] } },
{ "type": "Feature", "properties": { "id": 3279, "beneficiar": "Proyecto Guaranda", "benefici_1": "2025-05-27", "benefici_2": "BOLIVAR", "benefici_3": "GUARANDA", "benefici_4": "SALINAS", "benefici_5": "PACHANCHO", "benefici_6": "Rural", "benefici_7": "Sí", "benefici_8": 20, "benefici_9": "No", "benefici10": 15, "benefici11": "10mo. Año de Educación General Básica – EGB (3er. Curso sistema anterior)", "benefici12": 0, "benefici13": null, "benefici14": 0, "benefici15": "No", "benefici16": 0, "benefici17": 0, "benefici18": "No", "benefici19": 53.7, "benefici20": 152, "benefici21": 23, "benefici22": "Normal", "benefici23": "No", "benefici24": null, "benefici25": "No", "benefici26": "Ladrillo o bloque?", "benefici27": "Tierra?", "benefici28": "Por tubería, fuera de la vivienda pero dentro del edificio, lote o terreno?", "benefici29": " Juntas de Agua/Organizaciones comunitarias/GAD parroquial?", "benefici30": " Inodoro o escusado, conectado a pozo séptico?", "benefici31": 6, "benefici32": 1, "benefici33": 2, "benefici34": 2, "benefici35": "JAIME CHISAG  PAUCAR", "benefici36": 35, "benefici37": "7mo. Año de Educación General Básica – EGB (6to. Grado sistema anterior)", "benefici38": "Sí", "benefici39": " Indígena" }, "geometry": { "type": "Point", "coordinates": [ -79.122961635132825, -1.351494929782132 ] } },
{ "type": "Feature", "properties": { "id": 3282, "beneficiar": "Proyecto Guaranda", "benefici_1": "2025-06-24", "benefici_2": "BOLIVAR", "benefici_3": "GUARANDA", "benefici_4": "SALINAS", "benefici_5": "APAHUA", "benefici_6": "Rural", "benefici_7": "Sí", "benefici_8": 20, "benefici_9": "Sí", "benefici10": 26, "benefici11": "9no. Año de Educación General Básica – EGB (2do. Curso sistema anterior)", "benefici12": 0, "benefici13": null, "benefici14": 0, "benefici15": "No", "benefici16": 1, "benefici17": 0, "benefici18": "Sí", "benefici19": 52.4, "benefici20": 160, "benefici21": 20, "benefici22": "Normal", "benefici23": "Sí", "benefici24": "Bono de Desarrollo Humano", "benefici25": "No", "benefici26": "Ladrillo o bloque?", "benefici27": "Ladrillo o cemento?", "benefici28": "Por tubería, fuera de la vivienda pero dentro del edificio, lote o terreno?", "benefici29": " Juntas de Agua/Organizaciones comunitarias/GAD parroquial?", "benefici30": " Inodoro o escusado, conectado a red pública de alcantarillado?", "benefici31": 4, "benefici32": 1, "benefici33": 1, "benefici34": 1, "benefici35": "LUIS ENRIQUE QUINGAGUANO CHACHA", "benefici36": 35, "benefici37": "7mo. Año de Educación General Básica – EGB (6to. Grado sistema anterior)", "benefici38": "Sí", "benefici39": " Mestiza" }, "geometry": { "type": "Point", "coordinates": [ -79.137431265413895, -1.361678309903666 ] } },
{ "type": "Feature", "properties": { "id": 3283, "beneficiar": "Proyecto Guaranda", "benefici_1": "2025-06-24", "benefici_2": "BOLIVAR", "benefici_3": "GUARANDA", "benefici_4": "SALINAS", "benefici_5": "PIZCOQUERO", "benefici_6": "Rural", "benefici_7": "Sí", "benefici_8": 34, "benefici_9": "Sí", "benefici10": 23, "benefici11": "3er. Año de Bachillerato (6to. Curso sistema anterior)", "benefici12": 0, "benefici13": null, "benefici14": 0, "benefici15": "No", "benefici16": 1, "benefici17": 0, "benefici18": "No", "benefici19": 48.9, "benefici20": 152, "benefici21": 21, "benefici22": "Normal", "benefici23": "Sí", "benefici24": "Bono de Desarrollo Humano Variable", "benefici25": "Sí", "benefici26": "Madera?", "benefici27": "Tabla sin tratar?", "benefici28": "Por tubería, fuera del edificio, lote o terreno?", "benefici29": " Juntas de Agua/Organizaciones comunitarias/GAD parroquial?", "benefici30": " Letrina?", "benefici31": 3, "benefici32": 2, "benefici33": 0, "benefici34": 0, "benefici35": "SILVIA PRISCILA ASAS INFANTE", "benefici36": 23, "benefici37": "3er. Año de Bachillerato (6to. Curso sistema anterior)", "benefici38": "No", "benefici39": " Indígena" }, "geometry": { "type": "Point", "coordinates": [ -79.113111734924303, -1.372381134503515 ] } },
{ "type": "Feature", "properties": { "id": 3284, "beneficiar": "Proyecto Guaranda", "benefici_1": "2025-06-24", "benefici_2": "BOLIVAR", "benefici_3": "GUARANDA", "benefici_4": "SALINAS", "benefici_5": "BARRIO LOS TOMABELAS", "benefici_6": "Rural", "benefici_7": "Sí", "benefici_8": 8, "benefici_9": "No", "benefici10": 28, "benefici11": "10mo. Año de Educación General Básica – EGB (3er. Curso sistema anterior)", "benefici12": 0, "benefici13": null, "benefici14": 0, "benefici15": "No", "benefici16": 1, "benefici17": 0, "benefici18": "No", "benefici19": 62.9, "benefici20": 151, "benefici21": 28, "benefici22": "Sobre peso", "benefici23": "No", "benefici24": null, "benefici25": "No", "benefici26": "Ladrillo o bloque?", "benefici27": "Cerámica, baldosa, vinil o porcelanato?", "benefici28": "Por tubería, dentro de la vivienda?", "benefici29": " Juntas de Agua/Organizaciones comunitarias/GAD parroquial?", "benefici30": " Inodoro o escusado, conectado a red pública de alcantarillado?", "benefici31": 3, "benefici32": 1, "benefici33": 1, "benefici34": 1, "benefici35": "EDISON FABIAN GUALAN CHASI", "benefici36": 28, "benefici37": "3er. Año de Bachillerato (6to. Curso sistema anterior)", "benefici38": "Sí", "benefici39": " Mestiza" }, "geometry": { "type": "Point", "coordinates": [ -79.126768422724979, -1.374041470579119 ] } },
{ "type": "Feature", "properties": { "id": 3285, "beneficiar": "Proyecto Guaranda", "benefici_1": "2025-06-24", "benefici_2": "BOLIVAR", "benefici_3": "GUARANDA", "benefici_4": "SALINAS", "benefici_5": "LOS ARRAYANES", "benefici_6": "Rural", "benefici_7": "Sí", "benefici_8": 12, "benefici_9": "No", "benefici10": 17, "benefici11": "2do. Año de Bachillerato (5to. Curso sistema anterior)", "benefici12": 0, "benefici13": null, "benefici14": 0, "benefici15": "No", "benefici16": 0, "benefici17": 0, "benefici18": "Sí", "benefici19": 53.7, "benefici20": 148, "benefici21": 25, "benefici22": "Normal", "benefici23": "No", "benefici24": null, "benefici25": "No", "benefici26": "Ladrillo o bloque?", "benefici27": "Tierra?", "benefici28": "Por tubería, fuera de la vivienda pero dentro del edificio, lote o terreno?", "benefici29": " Juntas de Agua/Organizaciones comunitarias/GAD parroquial?", "benefici30": " Letrina?", "benefici31": 4, "benefici32": 1, "benefici33": 0, "benefici34": 0, "benefici35": "SEGUNDO LUCAS TIBIANO TIBIANO", "benefici36": 53, "benefici37": "3er. Año de Educación General Básica – EGB (2do. Grado sistema anterior)", "benefici38": "Sí", "benefici39": " Indígena" }, "geometry": { "type": "Point", "coordinates": [ -79.159833524433836, -1.357846652110914 ] } },
{ "type": "Feature", "properties": { "id": 3286, "beneficiar": "Proyecto Guaranda", "benefici_1": "2025-06-24", "benefici_2": "BOLIVAR", "benefici_3": "GUARANDA", "benefici_4": "SALINAS", "benefici_5": "APAHUA", "benefici_6": "Rural", "benefici_7": "Sí", "benefici_8": 29, "benefici_9": "No", "benefici10": 13, "benefici11": "8vo. Año de Educación General Básica – EGB (1er. Curso sistema anterior)", "benefici12": 0, "benefici13": null, "benefici14": 0, "benefici15": "No", "benefici16": 0, "benefici17": 0, "benefici18": "No", "benefici19": 41.1, "benefici20": 148, "benefici21": 19, "benefici22": "Normal", "benefici23": "No", "benefici24": null, "benefici25": "No", "benefici26": "Ladrillo o bloque?", "benefici27": "Ladrillo o cemento?", "benefici28": "Por tubería, fuera de la vivienda pero dentro del edificio, lote o terreno?", "benefici29": " Juntas de Agua/Organizaciones comunitarias/GAD parroquial?", "benefici30": " Inodoro o escusado, conectado a pozo séptico?", "benefici31": 6, "benefici32": 2, "benefici33": 2, "benefici34": 2, "benefici35": "HILDA MARLENE QUINGAGUANO NAJERA", "benefici36": 36, "benefici37": "7mo. Año de Educación General Básica – EGB (6to. Grado sistema anterior)", "benefici38": "Sí", "benefici39": " Indígena" }, "geometry": { "type": "Point", "coordinates": [ -79.137441348772597, -1.348481993086313 ] } },
{ "type": "Feature", "properties": { "id": 3287, "beneficiar": "Proyecto Guaranda", "benefici_1": "2025-06-24", "benefici_2": "BOLIVAR", "benefici_3": "GUARANDA", "benefici_4": "SALINAS", "benefici_5": "PACHANCHO", "benefici_6": "Rural", "benefici_7": "Sí", "benefici_8": 13, "benefici_9": "No", "benefici10": 18, "benefici11": "1ro. Año de Bachillerato (4to. Curso sistema anterior)", "benefici12": 0, "benefici13": null, "benefici14": 0, "benefici15": "No", "benefici16": 1, "benefici17": 0, "benefici18": "No", "benefici19": 50.1, "benefici20": 145, "benefici21": 24, "benefici22": "Normal", "benefici23": "No", "benefici24": null, "benefici25": "No", "benefici26": "Ladrillo o bloque?", "benefici27": "Ladrillo o cemento?", "benefici28": "Por tubería, fuera de la vivienda pero dentro del edificio, lote o terreno?", "benefici29": " Juntas de Agua/Organizaciones comunitarias/GAD parroquial?", "benefici30": " Inodoro o escusado, conectado a pozo séptico?", "benefici31": 8, "benefici32": 3, "benefici33": 3, "benefici34": 3, "benefici35": "ANGEL POAQUIZA", "benefici36": 49, "benefici37": "7mo. Año de Educación General Básica – EGB (6to. Grado sistema anterior)", "benefici38": "Sí", "benefici39": " Indígena" }, "geometry": { "type": "Point", "coordinates": [ -79.137425338064901, -1.369376160676926 ] } },
{ "type": "Feature", "properties": { "id": 3358, "beneficiar": "Proyecto Guaranda", "benefici_1": "2025-06-24", "benefici_2": "BOLIVAR", "benefici_3": "GUARANDA", "benefici_4": "SALINAS", "benefici_5": "APAHUA", "benefici_6": "Rural", "benefici_7": "Sí", "benefici_8": 8, "benefici_9": "No", "benefici10": 15, "benefici11": "10mo. Año de Educación General Básica – EGB (3er. Curso sistema anterior)", "benefici12": 0, "benefici13": null, "benefici14": 0, "benefici15": "No", "benefici16": 0, "benefici17": 0, "benefici18": "No", "benefici19": 43.5, "benefici20": 142, "benefici21": 22, "benefici22": "Normal", "benefici23": "No", "benefici24": null, "benefici25": "No", "benefici26": "Ladrillo o bloque?", "benefici27": "Ladrillo o cemento?", "benefici28": "Por tubería, fuera de la vivienda pero dentro del edificio, lote o terreno?", "benefici29": " Juntas de Agua/Organizaciones comunitarias/GAD parroquial?", "benefici30": " Inodoro o escusado, conectado a pozo séptico?", "benefici31": 4, "benefici32": 3, "benefici33": 0, "benefici34": 0, "benefici35": "REYMUNDO CHIMBO MASABANDA", "benefici36": 57, "benefici37": "7mo. Año de Educación General Básica – EGB (6to. Grado sistema anterior)", "benefici38": "Sí", "benefici39": " Indígena" }, "geometry": { "type": "Point", "coordinates": [ -79.105453753784943, -1.384471446915592 ] } },
{ "type": "Feature", "properties": { "id": 3329, "beneficiar": "Proyecto Guaranda", "benefici_1": "2025-07-09", "benefici_2": "BOLIVAR", "benefici_3": "GUARANDA", "benefici_4": "SALINAS", "benefici_5": "YURAK UKSHA", "benefici_6": "Rural", "benefici_7": "Sí", "benefici_8": 12, "benefici_9": "No", "benefici10": 16, "benefici11": "8vo. Año de Educación General Básica – EGB (1er. Curso sistema anterior)", "benefici12": 0, "benefici13": null, "benefici14": 0, "benefici15": "No", "benefici16": 0, "benefici17": 0, "benefici18": "No", "benefici19": 48.0, "benefici20": 155, "benefici21": 20, "benefici22": "Normal", "benefici23": "No", "benefici24": null, "benefici25": "No", "benefici26": "Adobe o tapia?", "benefici27": "Tierra?", "benefici28": "Por tubería, fuera de la vivienda pero dentro del edificio, lote o terreno?", "benefici29": " Juntas de Agua/Organizaciones comunitarias/GAD parroquial?", "benefici30": " Inodoro o escusado, conectado a pozo séptico?", "benefici31": 2, "benefici32": 1, "benefici33": 0, "benefici34": 0, "benefici35": "JEFFERSON BAYAS", "benefici36": 20, "benefici37": "10mo. Año de Educación General Básica – EGB (3er. Curso sistema anterior)", "benefici38": "Sí", "benefici39": " Indígena" }, "geometry": { "type": "Point", "coordinates": [ -79.094807606864748, -1.375665527887551 ] } },
{ "type": "Feature", "properties": { "id": 3434, "beneficiar": "Proyecto Guaranda", "benefici_1": "2025-06-24", "benefici_2": "BOLIVAR", "benefici_3": "GUARANDA", "benefici_4": "SALINAS", "benefici_5": "LA PALMA", "benefici_6": "Rural", "benefici_7": "Sí", "benefici_8": 31, "benefici_9": "Sí", "benefici10": 26, "benefici11": "3er. Año de Bachillerato (6to. Curso sistema anterior)", "benefici12": 0, "benefici13": null, "benefici14": 0, "benefici15": "No", "benefici16": 1, "benefici17": 0, "benefici18": "No", "benefici19": 72.3, "benefici20": 155, "benefici21": 30, "benefici22": "Obesidad", "benefici23": "Sí", "benefici24": "Bono de Desarrollo Humano", "benefici25": "Sí", "benefici26": "Ladrillo o bloque?", "benefici27": "Ladrillo o cemento?", "benefici28": "Por tubería, fuera de la vivienda pero dentro del edificio, lote o terreno?", "benefici29": " Juntas de Agua/Organizaciones comunitarias/GAD parroquial?", "benefici30": " Inodoro o escusado, conectado a pozo séptico?", "benefici31": 5, "benefici32": 2, "benefici33": 1, "benefici34": 1, "benefici35": "HYPATIA AZAS", "benefici36": 26, "benefici37": "3er. Año de Bachillerato (6to. Curso sistema anterior)", "benefici38": "Sí", "benefici39": " Mestiza" }, "geometry": { "type": "Point", "coordinates": [ -79.098930756584011, -1.342678760256646 ] } },
{ "type": "Feature", "properties": { "id": 3272, "beneficiar": "Proyecto Guaranda", "benefici_1": "2025-05-28", "benefici_2": "BOLIVAR", "benefici_3": "GUARANDA", "benefici_4": "GABRIEL IGNACIO VEINTIMILLA", "benefici_5": "QUESERAS", "benefici_6": "Rural", "benefici_7": "Sí", "benefici_8": 18, "benefici_9": "Sí", "benefici10": 18, "benefici11": "7mo. Año de Educación General Básica – EGB (6to. Grado sistema anterior)", "benefici12": 1, "benefici13": "Madre o padre", "benefici14": 37, "benefici15": "Sí", "benefici16": 2, "benefici17": 0, "benefici18": "No", "benefici19": 60.6, "benefici20": 146, "benefici21": 28, "benefici22": "Sobre peso", "benefici23": "Sí", "benefici24": "Bono de Desarrollo Humano", "benefici25": "No", "benefici26": "Adobe o tapia?", "benefici27": "Tierra?", "benefici28": "Por tubería, fuera de la vivienda pero dentro del edificio, lote o terreno?", "benefici29": " Juntas de Agua/Organizaciones comunitarias/GAD parroquial?", "benefici30": " Letrina?", "benefici31": 6, "benefici32": 2, "benefici33": 2, "benefici34": 2, "benefici35": "MARIA PASTORA YALLICO YALLICO", "benefici36": 40, "benefici37": "1er. Año de Educación General Básica – EGB (Jardín de Infantes)", "benefici38": "Sí", "benefici39": " Indígena" }, "geometry": { "type": "Point", "coordinates": [ -78.915989452314676, -1.573158360164088 ] } },
{ "type": "Feature", "properties": { "id": 3275, "beneficiar": "Proyecto Guaranda", "benefici_1": "2025-06-18", "benefici_2": "BOLIVAR", "benefici_3": "GUARANDA", "benefici_4": "GABRIEL IGNACIO VEINTIMILLA", "benefici_5": "QUESERAS", "benefici_6": "Rural", "benefici_7": "Sí", "benefici_8": 28, "benefici_9": "Sí", "benefici10": 24, "benefici11": "3er. Año de Bachillerato (6to. Curso sistema anterior)", "benefici12": 0, "benefici13": null, "benefici14": 0, "benefici15": "No", "benefici16": 0, "benefici17": 1, "benefici18": "No", "benefici19": 45.8, "benefici20": 147, "benefici21": 21, "benefici22": "Normal", "benefici23": "Sí", "benefici24": "Bono Infancia con Futuro (1000 días)", "benefici25": "No", "benefici26": "Ladrillo o bloque?", "benefici27": "Ladrillo o cemento?", "benefici28": "Por tubería, fuera de la vivienda pero dentro del edificio, lote o terreno?", "benefici29": " Juntas de Agua/Organizaciones comunitarias/GAD parroquial?", "benefici30": " Inodoro o escusado, conectado a pozo séptico?", "benefici31": 4, "benefici32": 2, "benefici33": 0, "benefici34": 0, "benefici35": "ANGEL OVIDIO CHIMBO PATIN", "benefici36": 27, "benefici37": "7mo. Año de Educación General Básica – EGB (6to. Grado sistema anterior)", "benefici38": "Sí", "benefici39": " Indígena" }, "geometry": { "type": "Point", "coordinates": [ -78.921992220308724, -1.579761679073342 ] } },
{ "type": "Feature", "properties": { "id": 3384, "beneficiar": "Proyecto Guaranda", "benefici_1": "2025-06-20", "benefici_2": "BOLIVAR", "benefici_3": "GUARANDA", "benefici_4": "GABRIEL IGNACIO VEINTIMILLA", "benefici_5": "VINCHOA LA YE", "benefici_6": "Rural", "benefici_7": "Sí", "benefici_8": 22, "benefici_9": "Sí", "benefici10": 30, "benefici11": "2do. Año de Bachillerato (5to. Curso sistema anterior)", "benefici12": 0, "benefici13": null, "benefici14": 0, "benefici15": "No", "benefici16": 4, "benefici17": 0, "benefici18": "No", "benefici19": 62.7, "benefici20": 150, "benefici21": 28, "benefici22": "Sobre peso", "benefici23": "Sí", "benefici24": "Bono de Desarrollo Humano Variable", "benefici25": "No", "benefici26": "Adobe o tapia?", "benefici27": "Tierra?", "benefici28": "Por tubería, fuera de la vivienda pero dentro del edificio, lote o terreno?", "benefici29": " Juntas de Agua/Organizaciones comunitarias/GAD parroquial?", "benefici30": " Inodoro o escusado, conectado a pozo séptico?", "benefici31": 7, "benefici32": 2, "benefici33": 2, "benefici34": 2, "benefici35": "FABIAN OCHOA", "benefici36": 33, "benefici37": "3er. Año de Bachillerato (6to. Curso sistema anterior)", "benefici38": "No", "benefici39": " Indígena" }, "geometry": { "type": "Point", "coordinates": [ -78.913249735948497, -1.581402173780382 ] } },
{ "type": "Feature", "properties": { "id": 3301, "beneficiar": "Proyecto Guaranda", "benefici_1": "2025-05-19", "benefici_2": "BOLIVAR", "benefici_3": "GUARANDA", "benefici_4": "GABRIEL IGNACIO VEINTIMILLA", "benefici_5": "CALLE ROCUERTE Y SUCRE", "benefici_6": "Urbano", "benefici_7": "Sí", "benefici_8": 24, "benefici_9": "Sí", "benefici10": 27, "benefici11": "1ro. Año de Bachillerato (4to. Curso sistema anterior)", "benefici12": 0, "benefici13": null, "benefici14": 0, "benefici15": "No", "benefici16": 1, "benefici17": 0, "benefici18": "No", "benefici19": 47.6, "benefici20": 146, "benefici21": 22, "benefici22": "Normal", "benefici23": "Sí", "benefici24": "Bono de Desarrollo Humano", "benefici25": "Sí", "benefici26": "Adobe o tapia?", "benefici27": "Tierra?", "benefici28": "Por tubería, dentro de la vivienda?", "benefici29": " Juntas de Agua/Organizaciones comunitarias/GAD parroquial?", "benefici30": " Inodoro o escusado, conectado a pozo séptico?", "benefici31": 3, "benefici32": 1, "benefici33": 1, "benefici34": 1, "benefici35": "NORMA BEATRIZ CHIMBOLEMA MUYULEMA", "benefici36": 27, "benefici37": "1ro. Año de Bachillerato (4to. Curso sistema anterior)", "benefici38": "No", "benefici39": " Indígena" }, "geometry": { "type": "Point", "coordinates": [ -78.931275600370014, -1.583619446667838 ] } },
{ "type": "Feature", "properties": { "id": 3302, "beneficiar": "Proyecto Guaranda", "benefici_1": "2025-05-19", "benefici_2": "BOLIVAR", "benefici_3": "GUARANDA", "benefici_4": "GABRIEL IGNACIO VEINTIMILLA", "benefici_5": "PIRCAPAMBA", "benefici_6": "Rural", "benefici_7": "Sí", "benefici_8": 12, "benefici_9": "Sí", "benefici10": 25, "benefici11": "3er. Año de Bachillerato (6to. Curso sistema anterior)", "benefici12": 0, "benefici13": null, "benefici14": 0, "benefici15": "No", "benefici16": 1, "benefici17": 0, "benefici18": "No", "benefici19": 62.8, "benefici20": 153, "benefici21": 27, "benefici22": "Sobre peso", "benefici23": "Sí", "benefici24": "Bono de Desarrollo Humano", "benefici25": "Sí", "benefici26": "Ladrillo o bloque?", "benefici27": "Ladrillo o cemento?", "benefici28": "Por tubería, fuera de la vivienda pero dentro del edificio, lote o terreno?", "benefici29": " Juntas de Agua/Organizaciones comunitarias/GAD parroquial?", "benefici30": " Inodoro o escusado, conectado a pozo séptico?", "benefici31": 7, "benefici32": 4, "benefici33": 1, "benefici34": 1, "benefici35": "NANCYFABIOLA CHIMBORAZO PUNGAÑA", "benefici36": 25, "benefici37": "3er. Año de Bachillerato (6to. Curso sistema anterior)", "benefici38": "No", "benefici39": " Indígena" }, "geometry": { "type": "Point", "coordinates": [ -78.921236124966356, -1.584708884698869 ] } },
{ "type": "Feature", "properties": { "id": 3288, "beneficiar": "Proyecto Guaranda", "benefici_1": "2025-06-24", "benefici_2": "BOLIVAR", "benefici_3": "GUARANDA", "benefici_4": "GABRIEL IGNACIO VEINTIMILLA", "benefici_5": "EL CHORRO", "benefici_6": "Rural", "benefici_7": "Sí", "benefici_8": 24, "benefici_9": "Sí", "benefici10": 18, "benefici11": "10mo. Año de Educación General Básica – EGB (3er. Curso sistema anterior)", "benefici12": 0, "benefici13": null, "benefici14": 0, "benefici15": "No", "benefici16": 1, "benefici17": 0, "benefici18": "No", "benefici19": 54.3, "benefici20": 157, "benefici21": 22, "benefici22": "Normal", "benefici23": "Sí", "benefici24": "Bono Infancia con Futuro (1000 días)", "benefici25": "No", "benefici26": "Ladrillo o bloque?", "benefici27": "Tierra?", "benefici28": "Por tubería, fuera de la vivienda pero dentro del edificio, lote o terreno?", "benefici29": " Juntas de Agua/Organizaciones comunitarias/GAD parroquial?", "benefici30": " Inodoro o escusado, conectado a pozo séptico?", "benefici31": 6, "benefici32": 2, "benefici33": 0, "benefici34": 0, "benefici35": "0", "benefici36": 36, "benefici37": "9no. Año de Educación General Básica – EGB (2do. Curso sistema anterior)", "benefici38": "Sí", "benefici39": " Indígena" }, "geometry": { "type": "Point", "coordinates": [ -78.922049265994815, -1.59103211107059 ] } },
{ "type": "Feature", "properties": { "id": 3397, "beneficiar": "Proyecto Guaranda", "benefici_1": "2025-06-13", "benefici_2": "BOLIVAR", "benefici_3": "GUARANDA", "benefici_4": "GABRIEL IGNACIO VEINTIMILLA", "benefici_5": "PALTABAMBA VEINTIMILLA", "benefici_6": "Rural", "benefici_7": "Sí", "benefici_8": 24, "benefici_9": "Sí", "benefici10": 46, "benefici11": "3er. Año de Educación General Básica – EGB (2do. Grado sistema anterior)", "benefici12": 0, "benefici13": null, "benefici14": 0, "benefici15": "No", "benefici16": 2, "benefici17": 0, "benefici18": "No", "benefici19": 59.2, "benefici20": 144, "benefici21": 29, "benefici22": "Sobre peso", "benefici23": "Sí", "benefici24": "Bono de Desarrollo Humano Variable", "benefici25": "Sí", "benefici26": "Ladrillo o bloque?", "benefici27": "Tierra?", "benefici28": "Por tubería, fuera de la vivienda pero dentro del edificio, lote o terreno?", "benefici29": " Juntas de Agua/Organizaciones comunitarias/GAD parroquial?", "benefici30": " Inodoro o escusado, conectado a pozo séptico?", "benefici31": 7, "benefici32": 1, "benefici33": 2, "benefici34": 2, "benefici35": "MARIA AIDA NINABANDA SIMALIZA", "benefici36": 46, "benefici37": "3er. Año de Educación General Básica – EGB (2do. Grado sistema anterior)", "benefici38": "Sí", "benefici39": " Indígena" }, "geometry": { "type": "Point", "coordinates": [ -78.926967132858266, -1.589937538806362 ] } },
{ "type": "Feature", "properties": { "id": 3304, "beneficiar": "Proyecto Guaranda", "benefici_1": "2025-06-13", "benefici_2": "BOLIVAR", "benefici_3": "GUARANDA", "benefici_4": "GABRIEL IGNACIO VEINTIMILLA", "benefici_5": "SELVA ALEGRE Y PICHINCHA", "benefici_6": "Urbano", "benefici_7": "Sí", "benefici_8": 16, "benefici_9": "No", "benefici10": 17, "benefici11": "10mo. Año de Educación General Básica – EGB (3er. Curso sistema anterior)", "benefici12": 0, "benefici13": null, "benefici14": 0, "benefici15": "No", "benefici16": 0, "benefici17": 0, "benefici18": "Sí", "benefici19": 44.8, "benefici20": 152, "benefici21": 19, "benefici22": "Normal", "benefici23": "No", "benefici24": null, "benefici25": "No", "benefici26": "Ladrillo o bloque?", "benefici27": "Tabla sin tratar?", "benefici28": "Por tubería, fuera de la vivienda pero dentro del edificio, lote o terreno?", "benefici29": " Juntas de Agua/Organizaciones comunitarias/GAD parroquial?", "benefici30": " Inodoro o escusado, conectado a pozo séptico?", "benefici31": 8, "benefici32": 2, "benefici33": 1, "benefici34": 1, "benefici35": "HERNAN RAMOS", "benefici36": 22, "benefici37": "3er. Año de Bachillerato (6to. Curso sistema anterior)", "benefici38": "No", "benefici39": " Indígena" }, "geometry": { "type": "Point", "coordinates": [ -78.934621332536153, -1.584035139156049 ] } },
{ "type": "Feature", "properties": { "id": 3305, "beneficiar": "Proyecto Guaranda", "benefici_1": "2025-06-13", "benefici_2": "BOLIVAR", "benefici_3": "GUARANDA", "benefici_4": "GABRIEL IGNACIO VEINTIMILLA", "benefici_5": "JUAN XXIII", "benefici_6": "Urbano", "benefici_7": "Sí", "benefici_8": 20, "benefici_9": "Sí", "benefici10": 35, "benefici11": "7mo. Año de Educación General Básica – EGB (6to. Grado sistema anterior)", "benefici12": 0, "benefici13": null, "benefici14": 0, "benefici15": "No", "benefici16": 1, "benefici17": 0, "benefici18": "No", "benefici19": 54.0, "benefici20": 146, "benefici21": 25, "benefici22": "Sobre peso", "benefici23": "Sí", "benefici24": "Bono de Desarrollo Humano", "benefici25": "Sí", "benefici26": "Adobe o tapia?", "benefici27": "Tierra?", "benefici28": "Por tubería, fuera de la vivienda pero dentro del edificio, lote o terreno?", "benefici29": " Juntas de Agua/Organizaciones comunitarias/GAD parroquial?", "benefici30": " Inodoro o escusado, conectado a pozo séptico?", "benefici31": 2, "benefici32": 1, "benefici33": 1, "benefici34": 1, "benefici35": "MARITZA ISABEL VILLENA CHAQUINGA", "benefici36": 35, "benefici37": "7mo. Año de Educación General Básica – EGB (6to. Grado sistema anterior)", "benefici38": "No", "benefici39": " Mestiza" }, "geometry": { "type": "Point", "coordinates": [ -78.936661948166673, -1.592146432300719 ] } },
{ "type": "Feature", "properties": { "id": 3306, "beneficiar": "Proyecto Guaranda", "benefici_1": "2025-06-13", "benefici_2": "BOLIVAR", "benefici_3": "GUARANDA", "benefici_4": "GABRIEL IGNACIO VEINTIMILLA", "benefici_5": "EL CASTILLO", "benefici_6": "Rural", "benefici_7": "Sí", "benefici_8": 16, "benefici_9": "Sí", "benefici10": 28, "benefici11": "3er. Año de Bachillerato (6to. Curso sistema anterior)", "benefici12": 0, "benefici13": null, "benefici14": 0, "benefici15": "No", "benefici16": 2, "benefici17": 0, "benefici18": "No", "benefici19": 67.4, "benefici20": 155, "benefici21": 28, "benefici22": "Sobre peso", "benefici23": "Sí", "benefici24": "Bono de Desarrollo Humano Variable", "benefici25": "Sí", "benefici26": "Adobe o tapia?", "benefici27": "Tierra?", "benefici28": "Por tubería, fuera de la vivienda pero dentro del edificio, lote o terreno?", "benefici29": " Juntas de Agua/Organizaciones comunitarias/GAD parroquial?", "benefici30": " Inodoro o escusado, conectado a pozo séptico?", "benefici31": 3, "benefici32": 1, "benefici33": 1, "benefici34": 1, "benefici35": "JESSICA MARIBEL YAZUMA CUNALATA", "benefici36": 28, "benefici37": "3er. Año de Bachillerato (6to. Curso sistema anterior)", "benefici38": "No", "benefici39": " Indígena" }, "geometry": { "type": "Point", "coordinates": [ -78.948818799647597, -1.59078418361959 ] } },
{ "type": "Feature", "properties": { "id": 3307, "beneficiar": "Proyecto Guaranda", "benefici_1": "2025-06-25", "benefici_2": "BOLIVAR", "benefici_3": "GUARANDA", "benefici_4": "GABRIEL IGNACIO VEINTIMILLA", "benefici_5": "PLAZA ROJA", "benefici_6": "Urbano", "benefici_7": "Sí", "benefici_8": 12, "benefici_9": "Sí", "benefici10": 32, "benefici11": "3er. Año de Bachillerato (6to. Curso sistema anterior)", "benefici12": 0, "benefici13": null, "benefici14": 0, "benefici15": "No", "benefici16": 1, "benefici17": 0, "benefici18": "No", "benefici19": 76.4, "benefici20": 157, "benefici21": 31, "benefici22": "Obesidad", "benefici23": "Sí", "benefici24": "Bono Infancia con Futuro (1000 días)", "benefici25": "Sí", "benefici26": "Ladrillo o bloque?", "benefici27": "Ladrillo o cemento?", "benefici28": "Por tubería, fuera de la vivienda pero dentro del edificio, lote o terreno?", "benefici29": " Juntas de Agua/Organizaciones comunitarias/GAD parroquial?", "benefici30": " Inodoro o escusado, conectado a pozo séptico?", "benefici31": 3, "benefici32": 1, "benefici33": 1, "benefici34": 1, "benefici35": "DIANA PATRICIA VALVERDE ZAPATA", "benefici36": 32, "benefici37": "3er. Año de Bachillerato (6to. Curso sistema anterior)", "benefici38": "Sí", "benefici39": " Mestiza" }, "geometry": { "type": "Point", "coordinates": [ -78.944714206682008, -1.598064686907751 ] } },
{ "type": "Feature", "properties": { "id": 3308, "beneficiar": "Proyecto Guaranda", "benefici_1": "2025-06-26", "benefici_2": "BOLIVAR", "benefici_3": "GUARANDA", "benefici_4": "GABRIEL IGNACIO VEINTIMILLA", "benefici_5": "5 DE JUNIO Y LOS LIRIOS", "benefici_6": "Urbano", "benefici_7": "Sí", "benefici_8": 20, "benefici_9": "Sí", "benefici10": 31, "benefici11": "3er. Año de Bachillerato (6to. Curso sistema anterior)", "benefici12": 0, "benefici13": null, "benefici14": 0, "benefici15": "No", "benefici16": 2, "benefici17": 0, "benefici18": "Sí", "benefici19": 81.4, "benefici20": 142, "benefici21": 40, "benefici22": "Obesidad", "benefici23": "Sí", "benefici24": "Bono Infancia con Futuro (1000 días)", "benefici25": "Sí", "benefici26": "Ladrillo o bloque?", "benefici27": "Tabla sin tratar?", "benefici28": "Por tubería, fuera de la vivienda pero dentro del edificio, lote o terreno?", "benefici29": " Juntas de Agua/Organizaciones comunitarias/GAD parroquial?", "benefici30": " Inodoro o escusado, conectado a pozo séptico?", "benefici31": 4, "benefici32": 1, "benefici33": 1, "benefici34": 1, "benefici35": "ANA LUCIA TIXI GUAMBUGUETE", "benefici36": 31, "benefici37": "3er. Año de Bachillerato (6to. Curso sistema anterior)", "benefici38": "No", "benefici39": " Mestiza" }, "geometry": { "type": "Point", "coordinates": [ -78.930513203154646, -1.59488911542433 ] } },
{ "type": "Feature", "properties": { "id": 3309, "beneficiar": "Proyecto Guaranda", "benefici_1": "2025-06-26", "benefici_2": "BOLIVAR", "benefici_3": "GUARANDA", "benefici_4": "GABRIEL IGNACIO VEINTIMILLA", "benefici_5": "LAGUACOTO BAJO", "benefici_6": "Rural", "benefici_7": "Sí", "benefici_8": 4, "benefici_9": "No", "benefici10": 18, "benefici11": "1ro. Año de Bachillerato (4to. Curso sistema anterior)", "benefici12": 0, "benefici13": null, "benefici14": 0, "benefici15": "No", "benefici16": 0, "benefici17": 0, "benefici18": "No", "benefici19": 52.1, "benefici20": 150, "benefici21": 23, "benefici22": "Normal", "benefici23": "No", "benefici24": null, "benefici25": "No", "benefici26": "Adobe o tapia?", "benefici27": "Tierra?", "benefici28": "Por tubería, fuera de la vivienda pero dentro del edificio, lote o terreno?", "benefici29": " Juntas de Agua/Organizaciones comunitarias/GAD parroquial?", "benefici30": " Inodoro o escusado, conectado a pozo séptico?", "benefici31": 8, "benefici32": 2, "benefici33": 2, "benefici34": 2, "benefici35": "FAUSTO LEMA", "benefici36": 42, "benefici37": "8vo. Año de Educación General Básica – EGB (1er. Curso sistema anterior)", "benefici38": "Sí", "benefici39": " Indígena" }, "geometry": { "type": "Point", "coordinates": [ -78.926708182009392, -1.575643100804717 ] } },
{ "type": "Feature", "properties": { "id": 3310, "beneficiar": "Proyecto Guaranda", "benefici_1": "2025-06-26", "benefici_2": "BOLIVAR", "benefici_3": "GUARANDA", "benefici_4": "GABRIEL IGNACIO VEINTIMILLA", "benefici_5": "PALTABAMBA", "benefici_6": "Rural", "benefici_7": "Sí", "benefici_8": 4, "benefici_9": "No", "benefici10": 18, "benefici11": "1ro. Año de Bachillerato (4to. Curso sistema anterior)", "benefici12": 0, "benefici13": null, "benefici14": 0, "benefici15": "No", "benefici16": 0, "benefici17": 0, "benefici18": "No", "benefici19": 52.1, "benefici20": 150, "benefici21": 23, "benefici22": "Normal", "benefici23": "No", "benefici24": null, "benefici25": "No", "benefici26": "Adobe o tapia?", "benefici27": "Tierra?", "benefici28": "Por tubería, fuera de la vivienda pero dentro del edificio, lote o terreno?", "benefici29": " Juntas de Agua/Organizaciones comunitarias/GAD parroquial?", "benefici30": " Inodoro o escusado, conectado a pozo séptico?", "benefici31": 8, "benefici32": 2, "benefici33": 2, "benefici34": 2, "benefici35": "FAUSTO LEMA", "benefici36": 42, "benefici37": "8vo. Año de Educación General Básica – EGB (1er. Curso sistema anterior)", "benefici38": "Sí", "benefici39": " Indígena" }, "geometry": { "type": "Point", "coordinates": [ -78.951419894107303, -1.584601708215855 ] } },
{ "type": "Feature", "properties": { "id": 3311, "beneficiar": "Proyecto Guaranda", "benefici_1": "2025-06-26", "benefici_2": "BOLIVAR", "benefici_3": "GUARANDA", "benefici_4": "GABRIEL IGNACIO VEINTIMILLA", "benefici_5": "LAGUACOTO", "benefici_6": "Rural", "benefici_7": "Sí", "benefici_8": 12, "benefici_9": "No", "benefici10": 36, "benefici11": "3er. Año de Bachillerato (6to. Curso sistema anterior)", "benefici12": 0, "benefici13": null, "benefici14": 0, "benefici15": "No", "benefici16": 3, "benefici17": 0, "benefici18": "No", "benefici19": 64.6, "benefici20": 150, "benefici21": 29, "benefici22": "Sobre peso", "benefici23": "No", "benefici24": null, "benefici25": "No", "benefici26": "Ladrillo o bloque?", "benefici27": "Ladrillo o cemento?", "benefici28": "Por tubería, dentro de la vivienda?", "benefici29": " Empresa pública/Municipio?", "benefici30": " Inodoro o escusado, conectado a pozo séptico?", "benefici31": 5, "benefici32": 2, "benefici33": 1, "benefici34": 1, "benefici35": "HUGO GEOVANNY PEREZ YEPEZ", "benefici36": 41, "benefici37": "3er. Año de Bachillerato (6to. Curso sistema anterior)", "benefici38": "Sí", "benefici39": " Mestiza" }, "geometry": { "type": "Point", "coordinates": [ -78.93365106076179, -1.598328403687821 ] } },
{ "type": "Feature", "properties": { "id": 3313, "beneficiar": "Proyecto Guaranda", "benefici_1": "2025-06-27", "benefici_2": "BOLIVAR", "benefici_3": "GUARANDA", "benefici_4": "GABRIEL IGNACIO VEINTIMILLA", "benefici_5": "CASIPAMBA", "benefici_6": "Rural", "benefici_7": "Sí", "benefici_8": 20, "benefici_9": "No", "benefici10": 36, "benefici11": "3er. Año de Bachillerato (6to. Curso sistema anterior)", "benefici12": 0, "benefici13": null, "benefici14": 0, "benefici15": "No", "benefici16": 2, "benefici17": 0, "benefici18": "No", "benefici19": 72.1, "benefici20": 157, "benefici21": 29, "benefici22": "Sobre peso", "benefici23": "No", "benefici24": null, "benefici25": "No", "benefici26": "Adobe o tapia?", "benefici27": "Ladrillo o cemento?", "benefici28": "Por tubería, fuera del edificio, lote o terreno?", "benefici29": " Juntas de Agua/Organizaciones comunitarias/GAD parroquial?", "benefici30": " Inodoro o escusado, conectado a pozo séptico?", "benefici31": 4, "benefici32": 2, "benefici33": 2, "benefici34": 2, "benefici35": "JORGE MESIAS GRAMAL CHARIGUAMAN", "benefici36": 33, "benefici37": "3er. Año de Bachillerato (6to. Curso sistema anterior)", "benefici38": "Sí", "benefici39": " Indígena" }, "geometry": { "type": "Point", "coordinates": [ -78.95482923476871, -1.589828063698915 ] } },
{ "type": "Feature", "properties": { "id": 3314, "beneficiar": "Proyecto Guaranda", "benefici_1": "2025-06-27", "benefici_2": "BOLIVAR", "benefici_3": "GUARANDA", "benefici_4": "GABRIEL IGNACIO VEINTIMILLA", "benefici_5": "EL CASTILLO ALTO", "benefici_6": "Rural", "benefici_7": "Sí", "benefici_8": 8, "benefici_9": "Sí", "benefici10": 34, "benefici11": "3er. Año de Bachillerato (6to. Curso sistema anterior)", "benefici12": 0, "benefici13": null, "benefici14": 0, "benefici15": "No", "benefici16": 2, "benefici17": 0, "benefici18": "No", "benefici19": 47.0, "benefici20": 145, "benefici21": 22, "benefici22": "Normal", "benefici23": "Sí", "benefici24": "Bono de Desarrollo Humano", "benefici25": "Sí", "benefici26": "Ladrillo o bloque?", "benefici27": "Ladrillo o cemento?", "benefici28": "Por tubería, fuera de la vivienda pero dentro del edificio, lote o terreno?", "benefici29": " Juntas de Agua/Organizaciones comunitarias/GAD parroquial?", "benefici30": " Inodoro o escusado, conectado a pozo séptico?", "benefici31": 4, "benefici32": 1, "benefici33": 2, "benefici34": 2, "benefici35": "MIRIAN YOLANDA MOPOSITA USHCA", "benefici36": 34, "benefici37": "3er. Año de Bachillerato (6to. Curso sistema anterior)", "benefici38": "No", "benefici39": " Indígena" }, "geometry": { "type": "Point", "coordinates": [ -78.953458830146559, -1.594499871485854 ] } },
{ "type": "Feature", "properties": { "id": 3400, "beneficiar": "Proyecto Guaranda", "benefici_1": "2025-06-25", "benefici_2": "BOLIVAR", "benefici_3": "GUARANDA", "benefici_4": "GABRIEL IGNACIO VEINTIMILLA", "benefici_5": "QUESERAS", "benefici_6": "Rural", "benefici_7": "Sí", "benefici_8": 10, "benefici_9": "Sí", "benefici10": 19, "benefici11": "3er. Año de Bachillerato (6to. Curso sistema anterior)", "benefici12": 1, "benefici13": "Mujer gestante", "benefici14": 45, "benefici15": "Sí", "benefici16": 0, "benefici17": 0, "benefici18": "No", "benefici19": 52.0, "benefici20": 149, "benefici21": 23, "benefici22": "Normal", "benefici23": "Sí", "benefici24": "Bono para personas con discapacidad", "benefici25": "No", "benefici26": "Ladrillo o bloque?", "benefici27": "Ladrillo o cemento?", "benefici28": "Por tubería, fuera de la vivienda pero dentro del edificio, lote o terreno?", "benefici29": " Juntas de Agua/Organizaciones comunitarias/GAD parroquial?", "benefici30": " Inodoro o escusado, conectado a pozo séptico?", "benefici31": 5, "benefici32": 2, "benefici33": 0, "benefici34": 0, "benefici35": "LUIS JAVIER CHIMBOLEMA TAMAMI", "benefici36": 39, "benefici37": "7mo. Año de Educación General Básica – EGB (6to. Grado sistema anterior)", "benefici38": "Sí", "benefici39": " Indígena" }, "geometry": { "type": "Point", "coordinates": [ -78.961658626877693, -1.589422520484619 ] } },
{ "type": "Feature", "properties": { "id": 3402, "beneficiar": "Proyecto Guaranda", "benefici_1": "2025-07-14", "benefici_2": "BOLIVAR", "benefici_3": "GUARANDA", "benefici_4": "GABRIEL IGNACIO VEINTIMILLA", "benefici_5": "CASEICHE SAN ANTONIO", "benefici_6": "Rural", "benefici_7": "Sí", "benefici_8": 25, "benefici_9": "No", "benefici10": 19, "benefici11": "3er. Año de Bachillerato (6to. Curso sistema anterior)", "benefici12": 0, "benefici13": null, "benefici14": 0, "benefici15": "No", "benefici16": 0, "benefici17": 0, "benefici18": "No", "benefici19": 50.0, "benefici20": 144, "benefici21": 24, "benefici22": "Normal", "benefici23": "No", "benefici24": null, "benefici25": "No", "benefici26": "Ladrillo o bloque?", "benefici27": "Cerámica, baldosa, vinil o porcelanato?", "benefici28": "Por tubería, dentro de la vivienda?", "benefici29": " Juntas de Agua/Organizaciones comunitarias/GAD parroquial?", "benefici30": " Inodoro o escusado, conectado a pozo séptico?", "benefici31": 7, "benefici32": 3, "benefici33": 1, "benefici34": 1, "benefici35": "RUBEN SEGUNDO AGUALONGO", "benefici36": 39, "benefici37": "7mo. Año de Educación General Básica – EGB (6to. Grado sistema anterior)", "benefici38": "Sí", "benefici39": " Indígena" }, "geometry": { "type": "Point", "coordinates": [ -78.95345502299088, -1.598348364256472 ] } },
{ "type": "Feature", "properties": { "id": 3403, "beneficiar": "Proyecto Guaranda", "benefici_1": "2025-07-14", "benefici_2": "BOLIVAR", "benefici_3": "GUARANDA", "benefici_4": "GABRIEL IGNACIO VEINTIMILLA", "benefici_5": "CASEICHE SAN ANTONIO", "benefici_6": "Rural", "benefici_7": "Sí", "benefici_8": 13, "benefici_9": "No", "benefici10": 13, "benefici11": "1ro. Año de Bachillerato (4to. Curso sistema anterior)", "benefici12": 0, "benefici13": null, "benefici14": 0, "benefici15": "No", "benefici16": 0, "benefici17": 0, "benefici18": "No", "benefici19": 48.6, "benefici20": 152, "benefici21": 21, "benefici22": "Normal", "benefici23": "No", "benefici24": null, "benefici25": "No", "benefici26": "Ladrillo o bloque?", "benefici27": "Cerámica, baldosa, vinil o porcelanato?", "benefici28": "Por tubería, dentro de la vivienda?", "benefici29": " Juntas de Agua/Organizaciones comunitarias/GAD parroquial?", "benefici30": " Inodoro o escusado, conectado a pozo séptico?", "benefici31": 7, "benefici32": 3, "benefici33": 1, "benefici34": 1, "benefici35": "RUBEN SEGUNDO AGUALONGO", "benefici36": 39, "benefici37": "7mo. Año de Educación General Básica – EGB (6to. Grado sistema anterior)", "benefici38": "Sí", "benefici39": " Indígena" }, "geometry": { "type": "Point", "coordinates": [ -78.961242535659437, -1.595882115160783 ] } },
{ "type": "Feature", "properties": { "id": 3303, "beneficiar": "Proyecto Guaranda", "benefici_1": "2025-05-19", "benefici_2": "BOLIVAR", "benefici_3": "GUARANDA", "benefici_4": "GABRIEL IGNACIO VEINTIMILLA", "benefici_5": "EL PONGO", "benefici_6": "Rural", "benefici_7": "Sí", "benefici_8": 24, "benefici_9": "Sí", "benefici10": 22, "benefici11": "3er. Año de Bachillerato (6to. Curso sistema anterior)", "benefici12": 0, "benefici13": null, "benefici14": 0, "benefici15": "No", "benefici16": 0, "benefici17": 1, "benefici18": "No", "benefici19": 87.0, "benefici20": 161, "benefici21": 34, "benefici22": "Obesidad", "benefici23": "Sí", "benefici24": "Bono Infancia con Futuro (1000 días)", "benefici25": "Sí", "benefici26": "Ladrillo o bloque?", "benefici27": "Ladrillo o cemento?", "benefici28": "Por tubería, dentro de la vivienda?", "benefici29": " Juntas de Agua/Organizaciones comunitarias/GAD parroquial?", "benefici30": " Inodoro o escusado, conectado a pozo séptico?", "benefici31": 5, "benefici32": 2, "benefici33": 0, "benefici34": 0, "benefici35": "MIRIAN GEOCONDA CHIMBORAZO PUNGAÑA", "benefici36": 22, "benefici37": "3er. Año de Bachillerato (6to. Curso sistema anterior)", "benefici38": "Sí", "benefici39": " Indígena" }, "geometry": { "type": "Point", "coordinates": [ -78.958658992016723, -1.584196561188898 ] } },
{ "type": "Feature", "properties": { "id": 3475, "beneficiar": "Proyecto Guaranda", "benefici_1": "2025-07-25", "benefici_2": "BOLIVAR", "benefici_3": "GUARANDA", "benefici_4": "GABRIEL IGNACIO VEINTIMILLA", "benefici_5": "PIRCAPAMBA", "benefici_6": "Rural", "benefici_7": "Sí", "benefici_8": 21, "benefici_9": "No", "benefici10": 28, "benefici11": "3er. Año de Bachillerato (6to. Curso sistema anterior)", "benefici12": 0, "benefici13": null, "benefici14": 0, "benefici15": "No", "benefici16": 1, "benefici17": 0, "benefici18": "No", "benefici19": 53.5, "benefici20": 148, "benefici21": 24, "benefici22": "Normal", "benefici23": "No", "benefici24": null, "benefici25": "No", "benefici26": "Ladrillo o bloque?", "benefici27": "Ladrillo o cemento?", "benefici28": "Por tubería, dentro de la vivienda?", "benefici29": " Juntas de Agua/Organizaciones comunitarias/GAD parroquial?", "benefici30": " Inodoro o escusado, conectado a pozo séptico?", "benefici31": 4, "benefici32": 2, "benefici33": 0, "benefici34": 0, "benefici35": "JHON JAIRO BETANCOURT", "benefici36": 33, "benefici37": "3er. Año de Bachillerato (6to. Curso sistema anterior)", "benefici38": "Sí", "benefici39": " Afroecuatoriana o Afrodescenciente" }, "geometry": { "type": "Point", "coordinates": [ -78.932690607227727, -1.602725654861853 ] } },
{ "type": "Feature", "properties": { "id": 3375, "beneficiar": "Proyecto Guaranda", "benefici_1": "2025-06-12", "benefici_2": "BOLIVAR", "benefici_3": "GUARANDA", "benefici_4": "GUARANDA", "benefici_5": "QUINDIGUA CENTRAL", "benefici_6": "Rural", "benefici_7": "Sí", "benefici_8": 20, "benefici_9": "No", "benefici10": 23, "benefici11": "9no. Año de Educación General Básica – EGB (2do. Curso sistema anterior)", "benefici12": 0, "benefici13": null, "benefici14": 0, "benefici15": "No", "benefici16": 0, "benefici17": 0, "benefici18": "No", "benefici19": 56.0, "benefici20": 148, "benefici21": 26, "benefici22": "Sobre peso", "benefici23": "No", "benefici24": null, "benefici25": "No", "benefici26": "Ladrillo o bloque?", "benefici27": "Tierra?", "benefici28": "Por tubería, fuera de la vivienda pero dentro del edificio, lote o terreno?", "benefici29": " Juntas de Agua/Organizaciones comunitarias/GAD parroquial?", "benefici30": " Inodoro o escusado, conectado a pozo séptico?", "benefici31": 4, "benefici32": 2, "benefici33": 0, "benefici34": 0, "benefici35": "JOSE MANUEL CHACHA CHACHA", "benefici36": 30, "benefici37": "10mo. Año de Educación General Básica – EGB (3er. Curso sistema anterior)", "benefici38": "Sí", "benefici39": " Indígena" }, "geometry": { "type": "Point", "coordinates": [ -79.037673040306785, -1.508948897429893 ] } },
{ "type": "Feature", "properties": { "id": 3268, "beneficiar": "Proyecto Guaranda", "benefici_1": "2025-05-29", "benefici_2": "BOLIVAR", "benefici_3": "GUARANDA", "benefici_4": "SAN SIMON", "benefici_5": "CONVENTILLO", "benefici_6": "Rural", "benefici_7": "Sí", "benefici_8": 22, "benefici_9": "No", "benefici10": 20, "benefici11": "3er. Año de Bachillerato (6to. Curso sistema anterior)", "benefici12": 0, "benefici13": null, "benefici14": 0, "benefici15": "No", "benefici16": 0, "benefici17": 0, "benefici18": "No", "benefici19": 56.5, "benefici20": 149, "benefici21": 25, "benefici22": "Sobre peso", "benefici23": "No", "benefici24": null, "benefici25": "No", "benefici26": "Ladrillo o bloque?", "benefici27": "Tierra?", "benefici28": "Por tubería, dentro de la vivienda?", "benefici29": " Juntas de Agua/Organizaciones comunitarias/GAD parroquial?", "benefici30": " Inodoro o escusado, conectado a pozo séptico?", "benefici31": 6, "benefici32": 4, "benefici33": 0, "benefici34": 0, "benefici35": "FRANKIN CAIZA", "benefici36": 42, "benefici37": "2do. Año de Bachillerato (5to. Curso sistema anterior)", "benefici38": "Sí", "benefici39": " Indígena" }, "geometry": { "type": "Point", "coordinates": [ -78.933620955674897, -1.628153844752936 ] } },
{ "type": "Feature", "properties": { "id": 3269, "beneficiar": "Proyecto Guaranda", "benefici_1": "2025-05-29", "benefici_2": "BOLIVAR", "benefici_3": "GUARANDA", "benefici_4": "SAN SIMON", "benefici_5": "CONVENTILLO", "benefici_6": "Rural", "benefici_7": "Sí", "benefici_8": 23, "benefici_9": "Sí", "benefici10": 32, "benefici11": "3er. Año de Bachillerato (6to. Curso sistema anterior)", "benefici12": 0, "benefici13": null, "benefici14": 0, "benefici15": "No", "benefici16": 1, "benefici17": 0, "benefici18": "No", "benefici19": 72.0, "benefici20": 162, "benefici21": 27, "benefici22": "Sobre peso", "benefici23": "Sí", "benefici24": "Bono de Desarrollo Humano", "benefici25": "Sí", "benefici26": "Ladrillo o bloque?", "benefici27": "Ladrillo o cemento?", "benefici28": "Por tubería, dentro de la vivienda?", "benefici29": " Juntas de Agua/Organizaciones comunitarias/GAD parroquial?", "benefici30": " Inodoro o escusado, conectado a pozo séptico?", "benefici31": 5, "benefici32": 3, "benefici33": 1, "benefici34": 1, "benefici35": "LILIANA CAIZA AGUALONGO", "benefici36": 32, "benefici37": "3er. Año de Bachillerato (6to. Curso sistema anterior)", "benefici38": "Sí", "benefici39": " Indígena" }, "geometry": { "type": "Point", "coordinates": [ -78.944001083551655, -1.628164526548482 ] } },
{ "type": "Feature", "properties": { "id": 3270, "beneficiar": "Proyecto Guaranda", "benefici_1": "2025-05-29", "benefici_2": "BOLIVAR", "benefici_3": "GUARANDA", "benefici_4": "SAN SIMON", "benefici_5": "GRADAS CHICO", "benefici_6": "Rural", "benefici_7": "Sí", "benefici_8": 30, "benefici_9": "Sí", "benefici10": 27, "benefici11": "3er. Año de Bachillerato (6to. Curso sistema anterior)", "benefici12": 0, "benefici13": null, "benefici14": 0, "benefici15": "No", "benefici16": 1, "benefici17": 0, "benefici18": "No", "benefici19": 60.6, "benefici20": 144, "benefici21": 29, "benefici22": "Sobre peso", "benefici23": "Sí", "benefici24": "Bono de Desarrollo Humano", "benefici25": "Sí", "benefici26": "Ladrillo o bloque?", "benefici27": "Ladrillo o cemento?", "benefici28": "Por tubería, fuera de la vivienda pero dentro del edificio, lote o terreno?", "benefici29": " Juntas de Agua/Organizaciones comunitarias/GAD parroquial?", "benefici30": " Inodoro o escusado, conectado a pozo séptico?", "benefici31": 3, "benefici32": 1, "benefici33": 1, "benefici34": 1, "benefici35": "NOEMI DANIELA TOALOMBO AGUALONGO", "benefici36": 27, "benefici37": "3er. Año de Bachillerato (6to. Curso sistema anterior)", "benefici38": "No", "benefici39": " Indígena" }, "geometry": { "type": "Point", "coordinates": [ -78.940453882425714, -1.624312418176964 ] } },
{ "type": "Feature", "properties": { "id": 3271, "beneficiar": "Proyecto Guaranda", "benefici_1": "2025-05-29", "benefici_2": "BOLIVAR", "benefici_3": "GUARANDA", "benefici_4": "SAN SIMON", "benefici_5": "CONVENTILLO", "benefici_6": "Rural", "benefici_7": "Sí", "benefici_8": 10, "benefici_9": "No", "benefici10": 21, "benefici11": "1ro. Año de Bachillerato (4to. Curso sistema anterior)", "benefici12": 0, "benefici13": null, "benefici14": 0, "benefici15": "No", "benefici16": 0, "benefici17": 0, "benefici18": "No", "benefici19": 57.9, "benefici20": 158, "benefici21": 23, "benefici22": "Normal", "benefici23": "No", "benefici24": null, "benefici25": "No", "benefici26": "Adobe o tapia?", "benefici27": "Tierra?", "benefici28": "Por tubería, dentro de la vivienda?", "benefici29": " Juntas de Agua/Organizaciones comunitarias/GAD parroquial?", "benefici30": " Inodoro o escusado, conectado a pozo séptico?", "benefici31": 2, "benefici32": 1, "benefici33": 0, "benefici34": 0, "benefici35": "WIDINSON NEPTALI CHACAN TUALOMBO", "benefici36": 22, "benefici37": "3er. Año de Bachillerato (6to. Curso sistema anterior)", "benefici38": "Sí", "benefici39": " Indígena" }, "geometry": { "type": "Point", "coordinates": [ -78.952188737994859, -1.635320114305467 ] } },
{ "type": "Feature", "properties": { "id": 3273, "beneficiar": "Proyecto Guaranda", "benefici_1": "2025-05-28", "benefici_2": "BOLIVAR", "benefici_3": "GUARANDA", "benefici_4": "SAN SIMON", "benefici_5": "CACHISAGUA", "benefici_6": "Rural", "benefici_7": "Sí", "benefici_8": 17, "benefici_9": "No", "benefici10": 18, "benefici11": "3er. Año de Bachillerato (6to. Curso sistema anterior)", "benefici12": 0, "benefici13": null, "benefici14": 0, "benefici15": "No", "benefici16": 0, "benefici17": 0, "benefici18": "No", "benefici19": 48.5, "benefici20": 153, "benefici21": 21, "benefici22": "Normal", "benefici23": "No", "benefici24": null, "benefici25": "No", "benefici26": "Ladrillo o bloque?", "benefici27": "Tierra?", "benefici28": "Por tubería, fuera de la vivienda pero dentro del edificio, lote o terreno?", "benefici29": " Juntas de Agua/Organizaciones comunitarias/GAD parroquial?", "benefici30": " Inodoro o escusado, conectado a pozo séptico?", "benefici31": 6, "benefici32": 4, "benefici33": 1, "benefici34": 1, "benefici35": "NEYSER YALLICO", "benefici36": 19, "benefici37": "3er. Año de Bachillerato (6to. Curso sistema anterior)", "benefici38": "Sí", "benefici39": " Indígena" }, "geometry": { "type": "Point", "coordinates": [ -78.921332164358631, -1.62484248575884 ] } },
{ "type": "Feature", "properties": { "id": 3274, "beneficiar": "Proyecto Guaranda", "benefici_1": "2025-05-28", "benefici_2": "BOLIVAR", "benefici_3": "GUARANDA", "benefici_4": "SAN SIMON", "benefici_5": "INTI CHURI", "benefici_6": "Rural", "benefici_7": "Sí", "benefici_8": 25, "benefici_9": "No", "benefici10": 19, "benefici11": "3er. Año de Bachillerato (6to. Curso sistema anterior)", "benefici12": 0, "benefici13": null, "benefici14": 0, "benefici15": "No", "benefici16": 0, "benefici17": 0, "benefici18": "No", "benefici19": 56.15, "benefici20": 153, "benefici21": 24, "benefici22": "Normal", "benefici23": "No", "benefici24": null, "benefici25": "No", "benefici26": "Adobe o tapia?", "benefici27": "Tierra?", "benefici28": "Por tubería, fuera de la vivienda pero dentro del edificio, lote o terreno?", "benefici29": " Juntas de Agua/Organizaciones comunitarias/GAD parroquial?", "benefici30": " Inodoro o escusado, conectado a pozo ciego?", "benefici31": 7, "benefici32": 1, "benefici33": 1, "benefici34": 1, "benefici35": "CRISTAN CUVI", "benefici36": 24, "benefici37": "3er. Año de Bachillerato (6to. Curso sistema anterior)", "benefici38": "Sí", "benefici39": " Indígena" }, "geometry": { "type": "Point", "coordinates": [ -78.959300448978468, -1.625981024140988 ] } },
{ "type": "Feature", "properties": { "id": 3277, "beneficiar": "Proyecto Guaranda", "benefici_1": "2025-06-18", "benefici_2": "BOLIVAR", "benefici_3": "GUARANDA", "benefici_4": "SAN SIMON", "benefici_5": "VISOTE", "benefici_6": "Rural", "benefici_7": "Sí", "benefici_8": 32, "benefici_9": "Sí", "benefici10": 31, "benefici11": "3er. Año de Bachillerato (6to. Curso sistema anterior)", "benefici12": 0, "benefici13": null, "benefici14": 0, "benefici15": "No", "benefici16": 1, "benefici17": 0, "benefici18": "No", "benefici19": 48.7, "benefici20": 151, "benefici21": 21, "benefici22": "Normal", "benefici23": "Sí", "benefici24": "Bono Infancia con Futuro (1000 días)", "benefici25": "Sí", "benefici26": "Adobe o tapia?", "benefici27": "Tierra?", "benefici28": "Por tubería, dentro de la vivienda?", "benefici29": " Juntas de Agua/Organizaciones comunitarias/GAD parroquial?", "benefici30": " Inodoro o escusado, conectado a pozo séptico?", "benefici31": 3, "benefici32": 1, "benefici33": 1, "benefici34": 1, "benefici35": "SILVIA ELIZABETH NINABANDA AGUALONGO", "benefici36": 32, "benefici37": "3er. Año de Bachillerato (6to. Curso sistema anterior)", "benefici38": "Sí", "benefici39": " Indígena" }, "geometry": { "type": "Point", "coordinates": [ -78.936340774029716, -1.639702010443491 ] } },
{ "type": "Feature", "properties": { "id": 3278, "beneficiar": "Proyecto Guaranda", "benefici_1": "2025-06-27", "benefici_2": "BOLIVAR", "benefici_3": "GUARANDA", "benefici_4": "SAN SIMON", "benefici_5": "GRADAS CENTRAL", "benefici_6": "Rural", "benefici_7": "Sí", "benefici_8": 6, "benefici_9": "No", "benefici10": 17, "benefici11": "10mo. Año de Educación General Básica – EGB (3er. Curso sistema anterior)", "benefici12": 0, "benefici13": null, "benefici14": 0, "benefici15": "No", "benefici16": 1, "benefici17": 0, "benefici18": "No", "benefici19": 49.0, "benefici20": 157, "benefici21": 20, "benefici22": "Normal", "benefici23": "No", "benefici24": null, "benefici25": "No", "benefici26": "Adobe o tapia?", "benefici27": "Tierra?", "benefici28": "Por tubería, fuera de la vivienda pero dentro del edificio, lote o terreno?", "benefici29": " Juntas de Agua/Organizaciones comunitarias/GAD parroquial?", "benefici30": " Inodoro o escusado, conectado a pozo séptico?", "benefici31": 5, "benefici32": 2, "benefici33": 0, "benefici34": 0, "benefici35": "LUIS ALBERTO TENELEMA TOAPANTA", "benefici36": 64, "benefici37": "1er. Año de Educación General Básica – EGB (Jardín de Infantes)", "benefici38": "Sí", "benefici39": " Indígena" }, "geometry": { "type": "Point", "coordinates": [ -78.975686287456497, -1.630121074429173 ] } },
{ "type": "Feature", "properties": { "id": 3340, "beneficiar": "Proyecto Guaranda", "benefici_1": "2025-05-22", "benefici_2": "BOLIVAR", "benefici_3": "GUARANDA", "benefici_4": "SAN SIMON", "benefici_5": "TAGMA RUMIÑAHUI", "benefici_6": "Rural", "benefici_7": "Sí", "benefici_8": 23, "benefici_9": "No", "benefici10": 19, "benefici11": "1er. Año de Educación General Básica – EGB (Jardín de Infantes)", "benefici12": 0, "benefici13": null, "benefici14": 0, "benefici15": "No", "benefici16": 0, "benefici17": 0, "benefici18": "Sí", "benefici19": 56.9, "benefici20": 156, "benefici21": 23, "benefici22": "Normal", "benefici23": "No", "benefici24": null, "benefici25": "No", "benefici26": "Adobe o tapia?", "benefici27": "Tierra?", "benefici28": "Por tubería, fuera de la vivienda pero dentro del edificio, lote o terreno?", "benefici29": " Juntas de Agua/Organizaciones comunitarias/GAD parroquial?", "benefici30": " Inodoro o escusado, conectado a pozo séptico?", "benefici31": 4, "benefici32": 2, "benefici33": 0, "benefici34": 0, "benefici35": "HERLINDA TENELEMA ALULEMA", "benefici36": 46, "benefici37": "6to. Año de Educación General Básica – EGB (5to. Grado sistema anterior)", "benefici38": "Sí", "benefici39": " Indígena" }, "geometry": { "type": "Point", "coordinates": [ -78.908759019060014, -1.632526197594987 ] } },
{ "type": "Feature", "properties": { "id": 3383, "beneficiar": "Proyecto Guaranda", "benefici_1": "2025-06-12", "benefici_2": "BOLIVAR", "benefici_3": "GUARANDA", "benefici_4": "SAN SIMON", "benefici_5": "SHACUNDO", "benefici_6": "Rural", "benefici_7": "Sí", "benefici_8": 20, "benefici_9": "No", "benefici10": 17, "benefici11": "2do. Año de Bachillerato (5to. Curso sistema anterior)", "benefici12": 1, "benefici13": "Madre o padre", "benefici14": 84, "benefici15": "Sí", "benefici16": 0, "benefici17": 0, "benefici18": "No", "benefici19": 54.0, "benefici20": 159, "benefici21": 21, "benefici22": "Normal", "benefici23": "No", "benefici24": null, "benefici25": "No", "benefici26": "Ladrillo o bloque?", "benefici27": "Ladrillo o cemento?", "benefici28": "Por tubería, dentro de la vivienda?", "benefici29": " Juntas de Agua/Organizaciones comunitarias/GAD parroquial?", "benefici30": " Inodoro o escusado, conectado a pozo séptico?", "benefici31": 3, "benefici32": 2, "benefici33": 0, "benefici34": 0, "benefici35": "MARIANA DE JESUS AGUALONGO CHIMBOLEMA", "benefici36": 32, "benefici37": "1ro. Año de Bachillerato (4to. Curso sistema anterior)", "benefici38": "Sí", "benefici39": " Mestiza" }, "geometry": { "type": "Point", "coordinates": [ -78.971305114563222, -1.640562668695624 ] } },
{ "type": "Feature", "properties": { "id": 3396, "beneficiar": "Proyecto Guaranda", "benefici_1": "2025-06-13", "benefici_2": "BOLIVAR", "benefici_3": "GUARANDA", "benefici_4": "SAN SIMON", "benefici_5": "CAPITO", "benefici_6": "Rural", "benefici_7": "Sí", "benefici_8": 17, "benefici_9": "Sí", "benefici10": 24, "benefici11": "3er. Año de Bachillerato (6to. Curso sistema anterior)", "benefici12": 0, "benefici13": null, "benefici14": 0, "benefici15": "No", "benefici16": 1, "benefici17": 1, "benefici18": "Sí", "benefici19": 56.3, "benefici20": 166, "benefici21": 20, "benefici22": "Normal", "benefici23": "Sí", "benefici24": "Bono de Desarrollo Humano", "benefici25": "No", "benefici26": "Adobe o tapia?", "benefici27": "Tierra?", "benefici28": "Por tubería, fuera de la vivienda pero dentro del edificio, lote o terreno?", "benefici29": " Juntas de Agua/Organizaciones comunitarias/GAD parroquial?", "benefici30": " Inodoro o escusado, conectado a pozo séptico?", "benefici31": 5, "benefici32": 1, "benefici33": 0, "benefici34": 0, "benefici35": "ANGEL VICENTE TIXI TIXI", "benefici36": 43, "benefici37": "7mo. Año de Educación General Básica – EGB (6to. Grado sistema anterior)", "benefici38": "Sí", "benefici39": " Mestiza" }, "geometry": { "type": "Point", "coordinates": [ -78.958460101866706, -1.646597172430754 ] } },
{ "type": "Feature", "properties": { "id": 3395, "beneficiar": "Proyecto Guaranda", "benefici_1": "2025-07-04", "benefici_2": "BOLIVAR", "benefici_3": "GUARANDA", "benefici_4": "SAN SIMON", "benefici_5": "LA VAQUERIA", "benefici_6": "Rural", "benefici_7": "Sí", "benefici_8": 14, "benefici_9": "Sí", "benefici10": 25, "benefici11": "3er. Año de Bachillerato (6to. Curso sistema anterior)", "benefici12": 0, "benefici13": null, "benefici14": 0, "benefici15": "No", "benefici16": 1, "benefici17": 0, "benefici18": "No", "benefici19": 75.5, "benefici20": 153, "benefici21": 32, "benefici22": "Obesidad", "benefici23": "Sí", "benefici24": "Bono de Desarrollo Humano", "benefici25": "Sí", "benefici26": "Adobe o tapia?", "benefici27": "Tierra?", "benefici28": "Por tubería, fuera de la vivienda pero dentro del edificio, lote o terreno?", "benefici29": " Juntas de Agua/Organizaciones comunitarias/GAD parroquial?", "benefici30": " Inodoro o escusado, conectado a pozo séptico?", "benefici31": 3, "benefici32": 1, "benefici33": 1, "benefici34": 1, "benefici35": "DIANA MARITZA CHOCHOS TENELEMA", "benefici36": 25, "benefici37": "3er. Año de Bachillerato (6to. Curso sistema anterior)", "benefici38": "No", "benefici39": " Indígena" }, "geometry": { "type": "Point", "coordinates": [ -78.976759073593684, -1.649914707809894 ] } },
{ "type": "Feature", "properties": { "id": 3394, "beneficiar": "Proyecto Guaranda", "benefici_1": "2025-06-27", "benefici_2": "BOLIVAR", "benefici_3": "GUARANDA", "benefici_4": "SAN SIMON", "benefici_5": "CANALPAMBA", "benefici_6": "Rural", "benefici_7": "Sí", "benefici_8": 19, "benefici_9": "Sí", "benefici10": 15, "benefici11": "1ro. Año de Bachillerato (4to. Curso sistema anterior)", "benefici12": 0, "benefici13": null, "benefici14": 0, "benefici15": "No", "benefici16": 0, "benefici17": 0, "benefici18": "No", "benefici19": 57.9, "benefici20": 149, "benefici21": 26, "benefici22": "Sobre peso", "benefici23": "No", "benefici24": null, "benefici25": "No", "benefici26": "Ladrillo o bloque?", "benefici27": "Ladrillo o cemento?", "benefici28": "Por tubería, fuera de la vivienda pero dentro del edificio, lote o terreno?", "benefici29": " Juntas de Agua/Organizaciones comunitarias/GAD parroquial?", "benefici30": " Inodoro o escusado, conectado a pozo séptico?", "benefici31": 2, "benefici32": 1, "benefici33": 0, "benefici34": 0, "benefici35": "JOSE MANUEL CAIN", "benefici36": 58, "benefici37": "6to. Año de Educación General Básica – EGB (5to. Grado sistema anterior)", "benefici38": "Sí", "benefici39": " Indígena" }, "geometry": { "type": "Point", "coordinates": [ -78.896720628848925, -1.651205574968334 ] } },
{ "type": "Feature", "properties": { "id": 3401, "beneficiar": "Proyecto Guaranda", "benefici_1": "2025-07-07", "benefici_2": "BOLIVAR", "benefici_3": "GUARANDA", "benefici_4": "SAN SIMON", "benefici_5": "VISOTE NUEVA ESPERANZA", "benefici_6": "Rural", "benefici_7": "Sí", "benefici_8": 17, "benefici_9": "No", "benefici10": 20, "benefici11": "3er. Año de Bachillerato (6to. Curso sistema anterior)", "benefici12": 0, "benefici13": null, "benefici14": 0, "benefici15": "No", "benefici16": 0, "benefici17": 0, "benefici18": "No", "benefici19": 65.4, "benefici20": 161, "benefici21": 25, "benefici22": "Sobre peso", "benefici23": "No", "benefici24": null, "benefici25": "No", "benefici26": "Ladrillo o bloque?", "benefici27": "Ladrillo o cemento?", "benefici28": "Por tubería, fuera de la vivienda pero dentro del edificio, lote o terreno?", "benefici29": " Juntas de Agua/Organizaciones comunitarias/GAD parroquial?", "benefici30": " Inodoro o escusado, conectado a pozo séptico?", "benefici31": 7, "benefici32": 3, "benefici33": 0, "benefici34": 0, "benefici35": "TOMAS AGUALONGO", "benefici36": 46, "benefici37": "7mo. Año de Educación General Básica – EGB (6to. Grado sistema anterior)", "benefici38": "Sí", "benefici39": " Indígena" }, "geometry": { "type": "Point", "coordinates": [ -78.968856554751341, -1.630663942447197 ] } },
{ "type": "Feature", "properties": { "id": 3276, "beneficiar": "Proyecto Guaranda", "benefici_1": "2025-05-28", "benefici_2": "BOLIVAR", "benefici_3": "GUARANDA", "benefici_4": "SAN SIMON", "benefici_5": "CACHISAGUA", "benefici_6": "Rural", "benefici_7": "Sí", "benefici_8": 32, "benefici_9": "No", "benefici10": 21, "benefici11": "3er. Año de Bachillerato (6to. Curso sistema anterior)", "benefici12": 0, "benefici13": null, "benefici14": 0, "benefici15": "No", "benefici16": 0, "benefici17": 0, "benefici18": "Sí", "benefici19": 46.3, "benefici20": 149, "benefici21": 21, "benefici22": "Normal", "benefici23": "No", "benefici24": null, "benefici25": "No", "benefici26": "Hormigón?", "benefici27": "Ladrillo o cemento?", "benefici28": "Por tubería, fuera del edificio, lote o terreno?", "benefici29": " Juntas de Agua/Organizaciones comunitarias/GAD parroquial?", "benefici30": " Inodoro o escusado, conectado a pozo ciego?", "benefici31": 4, "benefici32": 2, "benefici33": 0, "benefici34": 0, "benefici35": "JOSUE AGUALONGO TENELEMA", "benefici36": 27, "benefici37": "3er. Año de Bachillerato (6to. Curso sistema anterior)", "benefici38": "No", "benefici39": " Indígena" }, "geometry": { "type": "Point", "coordinates": [ -78.962836635064505, -1.640828902427028 ] } },
{ "type": "Feature", "properties": { "id": 3476, "beneficiar": "Proyecto Guaranda", "benefici_1": "2025-07-25", "benefici_2": "BOLIVAR", "benefici_3": "GUARANDA", "benefici_4": "SAN SIMON", "benefici_5": "CACHISAGUA", "benefici_6": "Rural", "benefici_7": "Sí", "benefici_8": 33, "benefici_9": "Sí", "benefici10": 15, "benefici11": "9no. Año de Educación General Básica – EGB (2do. Curso sistema anterior)", "benefici12": 0, "benefici13": null, "benefici14": 0, "benefici15": "No", "benefici16": 0, "benefici17": 0, "benefici18": "No", "benefici19": 62.1, "benefici20": 151, "benefici21": 27, "benefici22": "Sobre peso", "benefici23": "Sí", "benefici24": "Bono Infancia con Futuro (1000 días)", "benefici25": "No", "benefici26": "Adobe o tapia?", "benefici27": "Tierra?", "benefici28": "Por tubería, dentro de la vivienda?", "benefici29": " Juntas de Agua/Organizaciones comunitarias/GAD parroquial?", "benefici30": " Letrina?", "benefici31": 3, "benefici32": 1, "benefici33": 0, "benefici34": 0, "benefici35": "NARCISA CHIMBOLEMA", "benefici36": 46, "benefici37": "6to. Año de Educación General Básica – EGB (5to. Grado sistema anterior)", "benefici38": "No", "benefici39": " Indígena" }, "geometry": { "type": "Point", "coordinates": [ -78.987974239300883, -1.634806743540995 ] } },
{ "type": "Feature", "properties": { "id": 3179, "beneficiar": "Proyecto Guaranda", "benefici_1": "2025-06-10", "benefici_2": "BOLIVAR", "benefici_3": "GUARANDA", "benefici_4": "GUANUJO", "benefici_5": "PACHACUTIK", "benefici_6": "Rural", "benefici_7": "Sí", "benefici_8": 24, "benefici_9": "No", "benefici10": 20, "benefici11": "3er. Año de Bachillerato (6to. Curso sistema anterior)", "benefici12": 0, "benefici13": null, "benefici14": 0, "benefici15": "No", "benefici16": 0, "benefici17": 0, "benefici18": "No", "benefici19": 52.6, "benefici20": 146, "benefici21": 25, "benefici22": "Normal", "benefici23": "No", "benefici24": null, "benefici25": "No", "benefici26": "Ladrillo o bloque?", "benefici27": "Tierra?", "benefici28": "Por tubería, fuera de la vivienda pero dentro del edificio, lote o terreno?", "benefici29": " Juntas de Agua/Organizaciones comunitarias/GAD parroquial?", "benefici30": " Inodoro o escusado, conectado a pozo séptico?", "benefici31": 2, "benefici32": 2, "benefici33": 0, "benefici34": 0, "benefici35": "GUILMER CHUCURI", "benefici36": 18, "benefici37": "3er. Año de Bachillerato (6to. Curso sistema anterior)", "benefici38": "Sí", "benefici39": " Indígena" }, "geometry": { "type": "Point", "coordinates": [ -78.94398399318689, -1.479228173811866 ] } },
{ "type": "Feature", "properties": { "id": 3181, "beneficiar": "Proyecto Guaranda", "benefici_1": "2025-06-10", "benefici_2": "BOLIVAR", "benefici_3": "GUARANDA", "benefici_4": "GUANUJO", "benefici_5": "PACHACUTIK", "benefici_6": "Rural", "benefici_7": "Sí", "benefici_8": 25, "benefici_9": "No", "benefici10": 20, "benefici11": "1ro. Año de Bachillerato (4to. Curso sistema anterior)", "benefici12": 0, "benefici13": null, "benefici14": 0, "benefici15": "No", "benefici16": 0, "benefici17": 0, "benefici18": "No", "benefici19": 53.8, "benefici20": 152, "benefici21": 23, "benefici22": "Normal", "benefici23": "No", "benefici24": null, "benefici25": "No", "benefici26": "Ladrillo o bloque?", "benefici27": "Ladrillo o cemento?", "benefici28": "Por tubería, fuera de la vivienda pero dentro del edificio, lote o terreno?", "benefici29": " Juntas de Agua/Organizaciones comunitarias/GAD parroquial?", "benefici30": " Inodoro o escusado, conectado a pozo séptico?", "benefici31": 2, "benefici32": 1, "benefici33": 0, "benefici34": 0, "benefici35": "ALEX FABIAN BAYAS", "benefici36": 22, "benefici37": "3er. Año de Bachillerato (6to. Curso sistema anterior)", "benefici38": "Sí", "benefici39": " Indígena" }, "geometry": { "type": "Point", "coordinates": [ -78.959908326687426, -1.472377238522645 ] } },
{ "type": "Feature", "properties": { "id": 3214, "beneficiar": "Proyecto Guaranda", "benefici_1": "2025-05-20", "benefici_2": "BOLIVAR", "benefici_3": "GUARANDA", "benefici_4": "GUANUJO", "benefici_5": "PALMALOMA", "benefici_6": "Rural", "benefici_7": "Sí", "benefici_8": 23, "benefici_9": "Sí", "benefici10": 42, "benefici11": "7mo. Año de Educación General Básica – EGB (6to. Grado sistema anterior)", "benefici12": 0, "benefici13": null, "benefici14": 0, "benefici15": "No", "benefici16": 2, "benefici17": 2, "benefici18": "No", "benefici19": 76.8, "benefici20": 158, "benefici21": 31, "benefici22": "Obesidad", "benefici23": "Sí", "benefici24": "Bono de Desarrollo Humano", "benefici25": "No", "benefici26": "Ladrillo o bloque?", "benefici27": "Tierra?", "benefici28": "Por tubería, fuera de la vivienda pero dentro del edificio, lote o terreno?", "benefici29": " Otras fuentes (río, vertiente, acequia, canal, grieta o agua lluvia)?", "benefici30": " Inodoro o escusado, conectado a pozo séptico?", "benefici31": 6, "benefici32": 2, "benefici33": 2, "benefici34": 2, "benefici35": "LUCAS DIONICIO CRUZ AMADOR", "benefici36": 39, "benefici37": "7mo. Año de Educación General Básica – EGB (6to. Grado sistema anterior)", "benefici38": "Sí", "benefici39": " Indígena" }, "geometry": { "type": "Point", "coordinates": [ -78.924071649734401, -1.495229185391813 ] } },
{ "type": "Feature", "properties": { "id": 3220, "beneficiar": "Proyecto Guaranda", "benefici_1": "2025-05-20", "benefici_2": "BOLIVAR", "benefici_3": "GUARANDA", "benefici_4": "GUANUJO", "benefici_5": "SAN MIGUELITO", "benefici_6": "Rural", "benefici_7": "Sí", "benefici_8": 6, "benefici_9": "No", "benefici10": 20, "benefici11": "3er. Año de Bachillerato (6to. Curso sistema anterior)", "benefici12": 0, "benefici13": null, "benefici14": 0, "benefici15": "No", "benefici16": 1, "benefici17": 0, "benefici18": "No", "benefici19": 45.1, "benefici20": 149, "benefici21": 20, "benefici22": "Normal", "benefici23": "No", "benefici24": null, "benefici25": "No", "benefici26": "Adobe o tapia?", "benefici27": "Tierra?", "benefici28": "Por tubería, dentro de la vivienda?", "benefici29": " Juntas de Agua/Organizaciones comunitarias/GAD parroquial?", "benefici30": " Inodoro o escusado, conectado a pozo séptico?", "benefici31": 5, "benefici32": 2, "benefici33": 0, "benefici34": 0, "benefici35": "ANGEL DANILO SALAZAR CANDO", "benefici36": 21, "benefici37": "10mo. Año de Educación General Básica – EGB (3er. Curso sistema anterior)", "benefici38": "Sí", "benefici39": " Mestiza" }, "geometry": { "type": "Point", "coordinates": [ -78.933194660407594, -1.466058989579649 ] } },
{ "type": "Feature", "properties": { "id": 3224, "beneficiar": "Proyecto Guaranda", "benefici_1": "2025-05-26", "benefici_2": "BOLIVAR", "benefici_3": "GUARANDA", "benefici_4": "GUANUJO", "benefici_5": "IVILLIGAHUA", "benefici_6": "Rural", "benefici_7": "Sí", "benefici_8": 18, "benefici_9": "No", "benefici10": 34, "benefici11": "7mo. Año de Educación General Básica – EGB (6to. Grado sistema anterior)", "benefici12": 0, "benefici13": null, "benefici14": 0, "benefici15": "No", "benefici16": 1, "benefici17": 0, "benefici18": "No", "benefici19": 73.4, "benefici20": 155, "benefici21": 31, "benefici22": "Obesidad", "benefici23": "No", "benefici24": null, "benefici25": "Sí", "benefici26": "Ladrillo o bloque?", "benefici27": "Tierra?", "benefici28": "Por tubería, fuera de la vivienda pero dentro del edificio, lote o terreno?", "benefici29": " Juntas de Agua/Organizaciones comunitarias/GAD parroquial?", "benefici30": " Inodoro o escusado, conectado a pozo séptico?", "benefici31": 2, "benefici32": 1, "benefici33": 1, "benefici34": 1, "benefici35": "MARIA ANGELICA CASPI SISA", "benefici36": 34, "benefici37": "7mo. Año de Educación General Básica – EGB (6to. Grado sistema anterior)", "benefici38": "Sí", "benefici39": " Indígena" }, "geometry": { "type": "Point", "coordinates": [ -78.916696237888004, -1.479202554473771 ] } },
{ "type": "Feature", "properties": { "id": 3211, "beneficiar": "Proyecto Guaranda", "benefici_1": "2025-05-20", "benefici_2": "BOLIVAR", "benefici_3": "GUARANDA", "benefici_4": "GUANUJO", "benefici_5": "SAN MIGUELITO", "benefici_6": "Urbano", "benefici_7": "Sí", "benefici_8": 21, "benefici_9": "Sí", "benefici10": 39, "benefici11": "10mo. Año de Educación General Básica – EGB (3er. Curso sistema anterior)", "benefici12": 0, "benefici13": null, "benefici14": 0, "benefici15": "No", "benefici16": 3, "benefici17": 0, "benefici18": "No", "benefici19": 67.9, "benefici20": 141, "benefici21": 34, "benefici22": "Obesidad", "benefici23": "Sí", "benefici24": "Bono de Desarrollo Humano", "benefici25": "Sí", "benefici26": "Ladrillo o bloque?", "benefici27": "Tabla sin tratar?", "benefici28": "Por tubería, fuera de la vivienda pero dentro del edificio, lote o terreno?", "benefici29": " Juntas de Agua/Organizaciones comunitarias/GAD parroquial?", "benefici30": " Inodoro o escusado, conectado a pozo séptico?", "benefici31": 5, "benefici32": 2, "benefici33": 0, "benefici34": 0, "benefici35": "MARIA LOLA MANOBANDA SISALEMA", "benefici36": 39, "benefici37": "10mo. Año de Educación General Básica – EGB (3er. Curso sistema anterior)", "benefici38": "Sí", "benefici39": " Indígena" }, "geometry": { "type": "Point", "coordinates": [ -78.916662196235976, -1.515246613865794 ] } },
{ "type": "Feature", "properties": { "id": 3228, "beneficiar": "Proyecto Guaranda", "benefici_1": "2025-05-26", "benefici_2": "BOLIVAR", "benefici_3": "GUARANDA", "benefici_4": "GUANUJO", "benefici_5": "SAN FRANCISCO", "benefici_6": "Rural", "benefici_7": "Sí", "benefici_8": 12, "benefici_9": "Sí", "benefici10": 18, "benefici11": "2do. Año de Bachillerato (5to. Curso sistema anterior)", "benefici12": 0, "benefici13": null, "benefici14": 0, "benefici15": "No", "benefici16": 0, "benefici17": 0, "benefici18": "No", "benefici19": 46.0, "benefici20": 145, "benefici21": 22, "benefici22": "Normal", "benefici23": "Sí", "benefici24": "Bono Infancia con Futuro (1000 días)", "benefici25": "No", "benefici26": "Ladrillo o bloque?", "benefici27": "Tierra?", "benefici28": "Por tubería, fuera de la vivienda pero dentro del edificio, lote o terreno?", "benefici29": " Juntas de Agua/Organizaciones comunitarias/GAD parroquial?", "benefici30": " Inodoro o escusado, conectado a pozo séptico?", "benefici31": 7, "benefici32": 1, "benefici33": 0, "benefici34": 0, "benefici35": "SEGUNDO NICOLAS BRITO", "benefici36": 42, "benefici37": "1er. Año de Educación General Básica – EGB (Jardín de Infantes)", "benefici38": "Sí", "benefici39": " Mestiza" }, "geometry": { "type": "Point", "coordinates": [ -78.924681450034001, -1.450603511104893 ] } },
{ "type": "Feature", "properties": { "id": 3229, "beneficiar": "Proyecto Guaranda", "benefici_1": "2025-05-26", "benefici_2": "BOLIVAR", "benefici_3": "GUARANDA", "benefici_4": "GUANUJO", "benefici_5": "IVILLIGAHUA", "benefici_6": "Rural", "benefici_7": "Sí", "benefici_8": 20, "benefici_9": "Sí", "benefici10": 18, "benefici11": "1ro. Año de Bachillerato (4to. Curso sistema anterior)", "benefici12": 2, "benefici13": "Otro pariente", "benefici14": 80, "benefici15": "Sí", "benefici16": 0, "benefici17": 0, "benefici18": "No", "benefici19": 58.0, "benefici20": 150, "benefici21": 26, "benefici22": "Sobre peso", "benefici23": "Sí", "benefici24": "Bono Infancia con Futuro (1000 días)", "benefici25": "No", "benefici26": "Ladrillo o bloque?", "benefici27": "Ladrillo o cemento?", "benefici28": "Por tubería, fuera de la vivienda pero dentro del edificio, lote o terreno?", "benefici29": " Juntas de Agua/Organizaciones comunitarias/GAD parroquial?", "benefici30": " Inodoro o escusado, conectado a pozo séptico?", "benefici31": 6, "benefici32": 3, "benefici33": 0, "benefici34": 0, "benefici35": "SEGUNDO CUNALATA", "benefici36": 49, "benefici37": "3er. Año de Bachillerato (6to. Curso sistema anterior)", "benefici38": "Sí", "benefici39": " Indígena" }, "geometry": { "type": "Point", "coordinates": [ -78.910457771638235, -1.463177114022259 ] } },
{ "type": "Feature", "properties": { "id": 3230, "beneficiar": "Proyecto Guaranda", "benefici_1": "2025-05-27", "benefici_2": "BOLIVAR", "benefici_3": "GUARANDA", "benefici_4": "GUANUJO", "benefici_5": "NUEVO GUANUJO", "benefici_6": "Urbano", "benefici_7": "Sí", "benefici_8": 20, "benefici_9": "No", "benefici10": 20, "benefici11": "3er. Año de Bachillerato (6to. Curso sistema anterior)", "benefici12": 0, "benefici13": null, "benefici14": 0, "benefici15": "No", "benefici16": 0, "benefici17": 0, "benefici18": "Sí", "benefici19": 48.6, "benefici20": 156, "benefici21": 20, "benefici22": "Normal", "benefici23": "No", "benefici24": null, "benefici25": "No", "benefici26": "Ladrillo o bloque?", "benefici27": "Cerámica, baldosa, vinil o porcelanato?", "benefici28": "Por tubería, dentro de la vivienda?", "benefici29": " Juntas de Agua/Organizaciones comunitarias/GAD parroquial?", "benefici30": " Inodoro o escusado, conectado a red pública de alcantarillado?", "benefici31": 2, "benefici32": 1, "benefici33": 0, "benefici34": 0, "benefici35": "ANIBAL GUAMAN CHIMBORAZO", "benefici36": 26, "benefici37": "3er. Año de Bachillerato (6to. Curso sistema anterior)", "benefici38": "No", "benefici39": " Mestiza" }, "geometry": { "type": "Point", "coordinates": [ -78.956482634092666, -1.488394081955742 ] } },
{ "type": "Feature", "properties": { "id": 3231, "beneficiar": "Proyecto Guaranda", "benefici_1": "2025-06-09", "benefici_2": "BOLIVAR", "benefici_3": "GUARANDA", "benefici_4": "GUANUJO", "benefici_5": "BARRIO UNIVERSITARIO", "benefici_6": "Urbano", "benefici_7": "Sí", "benefici_8": 20, "benefici_9": "No", "benefici10": 27, "benefici11": "3er. Año de Bachillerato (6to. Curso sistema anterior)", "benefici12": 0, "benefici13": null, "benefici14": 0, "benefici15": "No", "benefici16": 0, "benefici17": 0, "benefici18": "No", "benefici19": 56.4, "benefici20": 156, "benefici21": 23, "benefici22": "Normal", "benefici23": "No", "benefici24": null, "benefici25": "No", "benefici26": "Madera?", "benefici27": "Tabla sin tratar?", "benefici28": "Por tubería, fuera de la vivienda pero dentro del edificio, lote o terreno?", "benefici29": " Juntas de Agua/Organizaciones comunitarias/GAD parroquial?", "benefici30": " Inodoro o escusado, conectado a pozo séptico?", "benefici31": 3, "benefici32": 2, "benefici33": 0, "benefici34": 0, "benefici35": "MARIA AGUSTINA TAYO", "benefici36": 63, "benefici37": "7mo. Año de Educación General Básica – EGB (6to. Grado sistema anterior)", "benefici38": "Sí", "benefici39": " Mestiza" }, "geometry": { "type": "Point", "coordinates": [ -78.937717232284868, -1.49352572350972 ] } },
{ "type": "Feature", "properties": { "id": 3232, "beneficiar": "Proyecto Guaranda", "benefici_1": "2025-06-09", "benefici_2": "BOLIVAR", "benefici_3": "GUARANDA", "benefici_4": "GUANUJO", "benefici_5": "BARRIO EL COMPLEJO", "benefici_6": "Urbano", "benefici_7": "Sí", "benefici_8": 20, "benefici_9": "Sí", "benefici10": 21, "benefici11": "10mo. Año de Educación General Básica – EGB (3er. Curso sistema anterior)", "benefici12": 0, "benefici13": null, "benefici14": 0, "benefici15": "No", "benefici16": 0, "benefici17": 1, "benefici18": "No", "benefici19": 42.8, "benefici20": 145, "benefici21": 20, "benefici22": "Normal", "benefici23": "Sí", "benefici24": "Bono Infancia con Futuro (1000 días)", "benefici25": "No", "benefici26": "Ladrillo o bloque?", "benefici27": "Tabla sin tratar?", "benefici28": "Por tubería, fuera de la vivienda pero dentro del edificio, lote o terreno?", "benefici29": " Juntas de Agua/Organizaciones comunitarias/GAD parroquial?", "benefici30": " Inodoro o escusado, conectado a pozo séptico?", "benefici31": 3, "benefici32": 1, "benefici33": 0, "benefici34": 0, "benefici35": "RUSBEL CHACHA", "benefici36": 25, "benefici37": "3er. Año de Bachillerato (6to. Curso sistema anterior)", "benefici38": "Sí", "benefici39": " Indígena" }, "geometry": { "type": "Point", "coordinates": [ -78.889942407496605, -1.515792700036602 ] } },
{ "type": "Feature", "properties": { "id": 3234, "beneficiar": "Proyecto Guaranda", "benefici_1": "2025-06-09", "benefici_2": "BOLIVAR", "benefici_3": "GUARANDA", "benefici_4": "GUANUJO", "benefici_5": "BARRIO MANTILLA", "benefici_6": "Urbano", "benefici_7": "Sí", "benefici_8": 20, "benefici_9": "No", "benefici10": 29, "benefici11": "3er. Año de Bachillerato (6to. Curso sistema anterior)", "benefici12": 0, "benefici13": null, "benefici14": 0, "benefici15": "No", "benefici16": 1, "benefici17": 0, "benefici18": "No", "benefici19": 59.0, "benefici20": 146, "benefici21": 28, "benefici22": "Sobre peso", "benefici23": "No", "benefici24": null, "benefici25": "Sí", "benefici26": "Ladrillo o bloque?", "benefici27": "Tabla sin tratar?", "benefici28": "Por tubería, fuera de la vivienda pero dentro del edificio, lote o terreno?", "benefici29": " Juntas de Agua/Organizaciones comunitarias/GAD parroquial?", "benefici30": " Inodoro o escusado, conectado a red pública de alcantarillado?", "benefici31": 3, "benefici32": 1, "benefici33": 1, "benefici34": 1, "benefici35": "BELGICA  MARGOTH BORJA ULLOA", "benefici36": 29, "benefici37": "3er. Año de Bachillerato (6to. Curso sistema anterior)", "benefici38": "Sí", "benefici39": " Mestiza" }, "geometry": { "type": "Point", "coordinates": [ -78.93662693303682, -1.442604604965275 ] } },
{ "type": "Feature", "properties": { "id": 3237, "beneficiar": "Proyecto Guaranda", "benefici_1": "2025-06-16", "benefici_2": "BOLIVAR", "benefici_3": "GUARANDA", "benefici_4": "GUANUJO", "benefici_5": "CAPILLUCO", "benefici_6": "Rural", "benefici_7": "Sí", "benefici_8": 16, "benefici_9": "Sí", "benefici10": 23, "benefici11": "1ro. Año de Bachillerato (4to. Curso sistema anterior)", "benefici12": 0, "benefici13": null, "benefici14": 0, "benefici15": "No", "benefici16": 1, "benefici17": 0, "benefici18": "No", "benefici19": 46.5, "benefici20": 141, "benefici21": 23, "benefici22": "Normal", "benefici23": "Sí", "benefici24": "Bono de Desarrollo Humano", "benefici25": "Sí", "benefici26": "Ladrillo o bloque?", "benefici27": "Ladrillo o cemento?", "benefici28": "Por tubería, fuera de la vivienda pero dentro del edificio, lote o terreno?", "benefici29": " Juntas de Agua/Organizaciones comunitarias/GAD parroquial?", "benefici30": " Letrina?", "benefici31": 3, "benefici32": 2, "benefici33": 1, "benefici34": 1, "benefici35": "MARIA ISABEL QUINGAGUANO QUINGAGUANO", "benefici36": 26, "benefici37": "1ro. Año de Bachillerato (4to. Curso sistema anterior)", "benefici38": "No", "benefici39": " Indígena" }, "geometry": { "type": "Point", "coordinates": [ -78.960495939670494, -1.451208435550406 ] } },
{ "type": "Feature", "properties": { "id": 3241, "beneficiar": "Proyecto Guaranda", "benefici_1": "2025-06-16", "benefici_2": "BOLIVAR", "benefici_3": "GUARANDA", "benefici_4": "GUANUJO", "benefici_5": "ILLANGAMA", "benefici_6": "Rural", "benefici_7": "Sí", "benefici_8": 12, "benefici_9": "Sí", "benefici10": 24, "benefici11": "10mo. Año de Educación General Básica – EGB (3er. Curso sistema anterior)", "benefici12": 0, "benefici13": null, "benefici14": 0, "benefici15": "No", "benefici16": 1, "benefici17": 0, "benefici18": "No", "benefici19": 52.1, "benefici20": 145, "benefici21": 25, "benefici22": "Normal", "benefici23": "Sí", "benefici24": "Bono de Desarrollo Humano", "benefici25": "Sí", "benefici26": "Adobe o tapia?", "benefici27": "Tierra?", "benefici28": "Por tubería, fuera de la vivienda pero dentro del edificio, lote o terreno?", "benefici29": " Juntas de Agua/Organizaciones comunitarias/GAD parroquial?", "benefici30": " Inodoro o escusado, conectado a pozo séptico?", "benefici31": 3, "benefici32": 2, "benefici33": 0, "benefici34": 0, "benefici35": "NANCY ELENA AGUALONGO COLES", "benefici36": 21, "benefici37": "10mo. Año de Educación General Básica – EGB (3er. Curso sistema anterior)", "benefici38": "Sí", "benefici39": " Indígena" }, "geometry": { "type": "Point", "coordinates": [ -78.963292066631254, -1.502131909624015 ] } },
{ "type": "Feature", "properties": { "id": 3239, "beneficiar": "Proyecto Guaranda", "benefici_1": "2025-06-16", "benefici_2": "BOLIVAR", "benefici_3": "GUARANDA", "benefici_4": "GUANUJO", "benefici_5": "CHAQUISCA", "benefici_6": "Rural", "benefici_7": "Sí", "benefici_8": 4, "benefici_9": "No", "benefici10": 26, "benefici11": "10mo. Año de Educación General Básica – EGB (3er. Curso sistema anterior)", "benefici12": 0, "benefici13": null, "benefici14": 0, "benefici15": "No", "benefici16": 0, "benefici17": 2, "benefici18": "No", "benefici19": 71.6, "benefici20": 145, "benefici21": 34, "benefici22": "Obesidad", "benefici23": "No", "benefici24": null, "benefici25": "No", "benefici26": "Ladrillo o bloque?", "benefici27": "Tierra?", "benefici28": "Por tubería, fuera de la vivienda pero dentro del edificio, lote o terreno?", "benefici29": " Juntas de Agua/Organizaciones comunitarias/GAD parroquial?", "benefici30": " Inodoro o escusado, conectado a pozo séptico?", "benefici31": 4, "benefici32": 2, "benefici33": 2, "benefici34": 2, "benefici35": "JONATHAN MALIZA", "benefici36": 30, "benefici37": "7mo. Año de Educación General Básica – EGB (6to. Grado sistema anterior)", "benefici38": "Sí", "benefici39": " Mestiza" }, "geometry": { "type": "Point", "coordinates": [ -78.945711423252035, -1.455199941729324 ] } },
{ "type": "Feature", "properties": { "id": 3233, "beneficiar": "Proyecto Guaranda", "benefici_1": "2025-06-09", "benefici_2": "BOLIVAR", "benefici_3": "GUARANDA", "benefici_4": "GUANUJO", "benefici_5": "ILLUVI", "benefici_6": "Rural", "benefici_7": "Sí", "benefici_8": 12, "benefici_9": "Sí", "benefici10": 25, "benefici11": "3er. Año de Bachillerato (6to. Curso sistema anterior)", "benefici12": 0, "benefici13": null, "benefici14": 0, "benefici15": "No", "benefici16": 1, "benefici17": 0, "benefici18": "No", "benefici19": 47.6, "benefici20": 140, "benefici21": 24, "benefici22": "Normal", "benefici23": "Sí", "benefici24": "Bono de Desarrollo Humano Variable", "benefici25": "Sí", "benefici26": "Madera?", "benefici27": "Tierra?", "benefici28": "Por tubería, fuera de la vivienda pero dentro del edificio, lote o terreno?", "benefici29": " Juntas de Agua/Organizaciones comunitarias/GAD parroquial?", "benefici30": " Inodoro o escusado, conectado a pozo séptico?", "benefici31": 2, "benefici32": 1, "benefici33": 0, "benefici34": 0, "benefici35": "SILVIA PATRICIA QUINGAGUANO QUINGAGUANO", "benefici36": 25, "benefici37": "3er. Año de Bachillerato (6to. Curso sistema anterior)", "benefici38": "No", "benefici39": " Indígena" }, "geometry": { "type": "Point", "coordinates": [ -78.936564122277119, -1.510688703496914 ] } },
{ "type": "Feature", "properties": { "id": 3398, "beneficiar": "Proyecto Guaranda", "benefici_1": "2025-05-22", "benefici_2": "BOLIVAR", "benefici_3": "GUARANDA", "benefici_4": "ÁNGEL POLIBIO CHÁVES", "benefici_5": "PALTABAMBA", "benefici_6": "Rural", "benefici_7": "Sí", "benefici_8": 24, "benefici_9": "Sí", "benefici10": 22, "benefici11": "3er. Año de Bachillerato (6to. Curso sistema anterior)", "benefici12": 0, "benefici13": null, "benefici14": 0, "benefici15": "No", "benefici16": 0, "benefici17": 0, "benefici18": "No", "benefici19": 59.0, "benefici20": 152, "benefici21": 26, "benefici22": "Sobre peso", "benefici23": "Sí", "benefici24": "Bono Infancia con Futuro (1000 días)", "benefici25": "Sí", "benefici26": "Adobe o tapia?", "benefici27": "Tierra?", "benefici28": "No recibe agua por tubería, sino por otros medios?", "benefici29": " Otras fuentes (río, vertiente, acequia, canal, grieta o agua lluvia)?", "benefici30": " Letrina?", "benefici31": 2, "benefici32": 1, "benefici33": 0, "benefici34": 0, "benefici35": "EVELYN CRISTINA LLUMIGUANO REA", "benefici36": 22, "benefici37": "3er. Año de Bachillerato (6to. Curso sistema anterior)", "benefici38": "No", "benefici39": " Indígena" }, "geometry": { "type": "Point", "coordinates": [ -79.143923708111913, -1.489692404751914 ] } },
{ "type": "Feature", "properties": { "id": 3312, "beneficiar": "Proyecto Guaranda", "benefici_1": "2025-06-27", "benefici_2": "BOLIVAR", "benefici_3": "GUARANDA", "benefici_4": "ÁNGEL POLIBIO CHÁVES", "benefici_5": "MARCOPAMBA", "benefici_6": "Urbano", "benefici_7": "Sí", "benefici_8": 8, "benefici_9": "Sí", "benefici10": 23, "benefici11": "3er. Año de Bachillerato (6to. Curso sistema anterior)", "benefici12": 0, "benefici13": null, "benefici14": 0, "benefici15": "No", "benefici16": 1, "benefici17": 0, "benefici18": "No", "benefici19": 61.5, "benefici20": 150, "benefici21": 27, "benefici22": "Sobre peso", "benefici23": "Sí", "benefici24": "Bono de Desarrollo Humano", "benefici25": "Sí", "benefici26": "Ladrillo o bloque?", "benefici27": "Cerámica, baldosa, vinil o porcelanato?", "benefici28": "Por tubería, fuera de la vivienda pero dentro del edificio, lote o terreno?", "benefici29": " Juntas de Agua/Organizaciones comunitarias/GAD parroquial?", "benefici30": " Inodoro o escusado, conectado a pozo séptico?", "benefici31": 2, "benefici32": 1, "benefici33": 0, "benefici34": 0, "benefici35": "MARIA NATIVIDAD HINOJOSA FAJARDO", "benefici36": 23, "benefici37": "3er. Año de Bachillerato (6to. Curso sistema anterior)", "benefici38": "No", "benefici39": " Mestiza" }, "geometry": { "type": "Point", "coordinates": [ -79.129256797145629, -1.504427984388853 ] } },
{ "type": "Feature", "properties": { "id": 3350, "beneficiar": "Proyecto Guaranda", "benefici_1": "2025-07-04", "benefici_2": "BOLIVAR", "benefici_3": "GUARANDA", "benefici_4": "ÁNGEL POLIBIO CHÁVES", "benefici_5": "LA FLORESTA BAJA", "benefici_6": "Urbano", "benefici_7": "Sí", "benefici_8": 20, "benefici_9": "No", "benefici10": 33, "benefici11": "3er. Año de Bachillerato (6to. Curso sistema anterior)", "benefici12": 0, "benefici13": null, "benefici14": 0, "benefici15": "No", "benefici16": 2, "benefici17": 0, "benefici18": "No", "benefici19": 75.6, "benefici20": 155, "benefici21": 31, "benefici22": "Obesidad", "benefici23": "No", "benefici24": null, "benefici25": "No", "benefici26": "Ladrillo o bloque?", "benefici27": "Duela, parquet, tablón o piso ﬂotante?", "benefici28": "Por tubería, dentro de la vivienda?", "benefici29": " Juntas de Agua/Organizaciones comunitarias/GAD parroquial?", "benefici30": " Inodoro o escusado, conectado a pozo séptico?", "benefici31": 4, "benefici32": 2, "benefici33": 0, "benefici34": 0, "benefici35": "SEGUNDO RAUL CANDO PATIN", "benefici36": 40, "benefici37": "3er. Año de Bachillerato (6to. Curso sistema anterior)", "benefici38": "No", "benefici39": " Indígena" }, "geometry": { "type": "Point", "coordinates": [ -79.149667128616827, -1.506025670560108 ] } },
{ "type": "Feature", "properties": { "id": 3349, "beneficiar": "Proyecto Guaranda", "benefici_1": "2025-07-04", "benefici_2": "BOLIVAR", "benefici_3": "GUARANDA", "benefici_4": "ÁNGEL POLIBIO CHÁVES", "benefici_5": "INDIO GUARANGA", "benefici_6": "Urbano", "benefici_7": "Sí", "benefici_8": 33, "benefici_9": "Sí", "benefici10": 26, "benefici11": "3er. Año de Bachillerato (6to. Curso sistema anterior)", "benefici12": 0, "benefici13": null, "benefici14": 0, "benefici15": "No", "benefici16": 1, "benefici17": 0, "benefici18": "No", "benefici19": 80.6, "benefici20": 151, "benefici21": 35, "benefici22": "Obesidad", "benefici23": "Sí", "benefici24": "Bono de Desarrollo Humano", "benefici25": "Sí", "benefici26": "Ladrillo o bloque?", "benefici27": "Ladrillo o cemento?", "benefici28": "Por tubería, dentro de la vivienda?", "benefici29": " Empresa pública/Municipio?", "benefici30": " Inodoro o escusado, conectado a red pública de alcantarillado?", "benefici31": 3, "benefici32": 2, "benefici33": 1, "benefici34": 1, "benefici35": "VANNESA ROXANA COELLO GARCIA", "benefici36": 26, "benefici37": "3er. Año de Bachillerato (6to. Curso sistema anterior)", "benefici38": "No", "benefici39": " Mestiza" }, "geometry": { "type": "Point", "coordinates": [ -79.120350429534511, -1.51495455641626 ] } },
{ "type": "Feature", "properties": { "id": 3345, "beneficiar": "Proyecto Guaranda", "benefici_1": "2025-07-04", "benefici_2": "BOLIVAR", "benefici_3": "GUARANDA", "benefici_4": "ÁNGEL POLIBIO CHÁVES", "benefici_5": "INDIO GUARANGA", "benefici_6": "Urbano", "benefici_7": "Sí", "benefici_8": 16, "benefici_9": "Sí", "benefici10": 24, "benefici11": "3er. Año de Bachillerato (6to. Curso sistema anterior)", "benefici12": 0, "benefici13": null, "benefici14": 0, "benefici15": "No", "benefici16": 1, "benefici17": 0, "benefici18": "No", "benefici19": 62.1, "benefici20": 150, "benefici21": 28, "benefici22": "Sobre peso", "benefici23": "Sí", "benefici24": "Bono de Desarrollo Humano Variable", "benefici25": "Sí", "benefici26": "Ladrillo o bloque?", "benefici27": "Ladrillo o cemento?", "benefici28": "Por tubería, fuera del edificio, lote o terreno?", "benefici29": " Juntas de Agua/Organizaciones comunitarias/GAD parroquial?", "benefici30": " Inodoro o escusado, conectado a pozo séptico?", "benefici31": 5, "benefici32": 3, "benefici33": 2, "benefici34": 2, "benefici35": "ANA JULISSA QUINATOA LUMBI", "benefici36": 24, "benefici37": "3er. Año de Bachillerato (6to. Curso sistema anterior)", "benefici38": "No", "benefici39": " Indígena" }, "geometry": { "type": "Point", "coordinates": [ -79.093158997609819, -1.487541952797951 ] } },
{ "type": "Feature", "properties": { "id": 3341, "beneficiar": "Proyecto Guaranda", "benefici_1": "2025-07-04", "benefici_2": "BOLIVAR", "benefici_3": "GUARANDA", "benefici_4": "ÁNGEL POLIBIO CHÁVES", "benefici_5": "EL DORADO", "benefici_6": "Urbano", "benefici_7": "Sí", "benefici_8": 6, "benefici_9": "No", "benefici10": 32, "benefici11": "3er. Año de Bachillerato (6to. Curso sistema anterior)", "benefici12": 0, "benefici13": null, "benefici14": 0, "benefici15": "No", "benefici16": 1, "benefici17": 1, "benefici18": "No", "benefici19": 81.2, "benefici20": 151, "benefici21": 36, "benefici22": "Obesidad", "benefici23": "No", "benefici24": null, "benefici25": "No", "benefici26": "Ladrillo o bloque?", "benefici27": "Ladrillo o cemento?", "benefici28": "Por tubería, fuera de la vivienda pero dentro del edificio, lote o terreno?", "benefici29": " Juntas de Agua/Organizaciones comunitarias/GAD parroquial?", "benefici30": " Inodoro o escusado, conectado a pozo séptico?", "benefici31": 4, "benefici32": 1, "benefici33": 1, "benefici34": 1, "benefici35": "DUVERLY ANGEL GUANO GUANO", "benefici36": 40, "benefici37": "3er. Año de Bachillerato (6to. Curso sistema anterior)", "benefici38": "Sí", "benefici39": " Mestiza" }, "geometry": { "type": "Point", "coordinates": [ -79.070095201194491, -1.52860424479821 ] } },
{ "type": "Feature", "properties": { "id": 3348, "beneficiar": "Proyecto Guaranda", "benefici_1": "2025-06-13", "benefici_2": "BOLIVAR", "benefici_3": "GUARANDA", "benefici_4": "ÁNGEL POLIBIO CHÁVES", "benefici_5": "INDIO GUARANGA", "benefici_6": "Urbano", "benefici_7": "Sí", "benefici_8": 31, "benefici_9": "No", "benefici10": 16, "benefici11": "2do. Año de Bachillerato (5to. Curso sistema anterior)", "benefici12": 0, "benefici13": null, "benefici14": 0, "benefici15": "No", "benefici16": 0, "benefici17": 0, "benefici18": "No", "benefici19": 48.3, "benefici20": 155, "benefici21": 20, "benefici22": "Normal", "benefici23": "No", "benefici24": null, "benefici25": "No", "benefici26": "Ladrillo o bloque?", "benefici27": "Ladrillo o cemento?", "benefici28": "Por tubería, dentro de la vivienda?", "benefici29": " Juntas de Agua/Organizaciones comunitarias/GAD parroquial?", "benefici30": " Inodoro o escusado, conectado a pozo séptico?", "benefici31": 3, "benefici32": 3, "benefici33": 0, "benefici34": 0, "benefici35": "SILVIA JANETH BORJA SALAS", "benefici36": 43, "benefici37": "3er. Año de Bachillerato (6to. Curso sistema anterior)", "benefici38": "Sí", "benefici39": " Mestiza" }, "geometry": { "type": "Point", "coordinates": [ -79.116186009829192, -1.488615286235755 ] } },
{ "type": "Feature", "properties": { "id": 3343, "beneficiar": "Proyecto Guaranda", "benefici_1": "2025-07-04", "benefici_2": "BOLIVAR", "benefici_3": "GUARANDA", "benefici_4": "ÁNGEL POLIBIO CHÁVES", "benefici_5": "JOYOCOTO", "benefici_6": "Rural", "benefici_7": "Sí", "benefici_8": 27, "benefici_9": "Sí", "benefici10": 41, "benefici11": "3er. Año de Bachillerato (6to. Curso sistema anterior)", "benefici12": 0, "benefici13": null, "benefici14": 0, "benefici15": "No", "benefici16": 3, "benefici17": 0, "benefici18": "No", "benefici19": 59.0, "benefici20": 154, "benefici21": 25, "benefici22": "Normal", "benefici23": "Sí", "benefici24": "Bono de Desarrollo Humano Variable", "benefici25": "No", "benefici26": "Adobe o tapia?", "benefici27": "Tierra?", "benefici28": "No recibe agua por tubería, sino por otros medios?", "benefici29": " Otras fuentes (río, vertiente, acequia, canal, grieta o agua lluvia)?", "benefici30": " Letrina?", "benefici31": 5, "benefici32": 3, "benefici33": 0, "benefici34": 0, "benefici35": "CARLOS WILFRIDO GUANO QUILLE", "benefici36": 42, "benefici37": "7mo. Año de Educación General Básica – EGB (6to. Grado sistema anterior)", "benefici38": "No", "benefici39": " Mestiza" }, "geometry": { "type": "Point", "coordinates": [ -79.128219892747666, -1.492839331622117 ] } },
{ "type": "Feature", "properties": { "id": 3408, "beneficiar": "Proyecto Guaranda", "benefici_1": "2025-07-11", "benefici_2": "BOLIVAR", "benefici_3": "GUARANDA", "benefici_4": "ÁNGEL POLIBIO CHÁVES", "benefici_5": "NEGRO YACO", "benefici_6": "Rural", "benefici_7": "Sí", "benefici_8": 21, "benefici_9": "Sí", "benefici10": 22, "benefici11": "3er. Año de Bachillerato (6to. Curso sistema anterior)", "benefici12": 0, "benefici13": null, "benefici14": 0, "benefici15": "No", "benefici16": 0, "benefici17": 0, "benefici18": "No", "benefici19": 66.5, "benefici20": 150, "benefici21": 30, "benefici22": "Sobre peso", "benefici23": "Sí", "benefici24": "Bono Infancia con Futuro (1000 días)", "benefici25": "Sí", "benefici26": "Ladrillo o bloque?", "benefici27": "Ladrillo o cemento?", "benefici28": "Por tubería, fuera de la vivienda pero dentro del edificio, lote o terreno?", "benefici29": " Juntas de Agua/Organizaciones comunitarias/GAD parroquial?", "benefici30": " Inodoro o escusado, conectado a pozo séptico?", "benefici31": 2, "benefici32": 1, "benefici33": 0, "benefici34": 0, "benefici35": "ZOILA NATIVIDA HUILCA HUILCA", "benefici36": 22, "benefici37": "3er. Año de Bachillerato (6to. Curso sistema anterior)", "benefici38": "No", "benefici39": " Mestiza" }, "geometry": { "type": "Point", "coordinates": [ -79.136053483774859, -1.512861336516001 ] } },
{ "type": "Feature", "properties": { "id": 3427, "beneficiar": "Proyecto Guaranda", "benefici_1": "2025-07-11", "benefici_2": "BOLIVAR", "benefici_3": "GUARANDA", "benefici_4": "ÁNGEL POLIBIO CHÁVES", "benefici_5": "EL DORADO", "benefici_6": "Urbano", "benefici_7": "Sí", "benefici_8": 16, "benefici_9": "No", "benefici10": 29, "benefici11": "3er. Año de Bachillerato (6to. Curso sistema anterior)", "benefici12": 0, "benefici13": null, "benefici14": 0, "benefici15": "No", "benefici16": 0, "benefici17": 0, "benefici18": "No", "benefici19": 66.4, "benefici20": 150, "benefici21": 30, "benefici22": "Sobre peso", "benefici23": "No", "benefici24": null, "benefici25": "No", "benefici26": "Hormigón?", "benefici27": "Ladrillo o cemento?", "benefici28": "Por tubería, dentro de la vivienda?", "benefici29": " Juntas de Agua/Organizaciones comunitarias/GAD parroquial?", "benefici30": " Inodoro o escusado, conectado a pozo séptico?", "benefici31": 10, "benefici32": 3, "benefici33": 0, "benefici34": 0, "benefici35": "NELSON REA", "benefici36": 71, "benefici37": "3er. Año de Bachillerato (6to. Curso sistema anterior)", "benefici38": "No", "benefici39": " Indígena" }, "geometry": { "type": "Point", "coordinates": [ -79.110922422909198, -1.523373678167314 ] } },
{ "type": "Feature", "properties": { "id": 3435, "beneficiar": "Proyecto Guaranda", "benefici_1": "2025-07-11", "benefici_2": "BOLIVAR", "benefici_3": "GUARANDA", "benefici_4": "ÁNGEL POLIBIO CHÁVES", "benefici_5": "AV. GUAYAQUIL", "benefici_6": "Urbano", "benefici_7": "Sí", "benefici_8": 16, "benefici_9": "No", "benefici10": 23, "benefici11": "3er. Año de Bachillerato (6to. Curso sistema anterior)", "benefici12": 0, "benefici13": null, "benefici14": 0, "benefici15": "No", "benefici16": 0, "benefici17": 0, "benefici18": "No", "benefici19": 40.0, "benefici20": 146, "benefici21": 19, "benefici22": "Normal", "benefici23": "No", "benefici24": null, "benefici25": "No", "benefici26": "Ladrillo o bloque?", "benefici27": "Ladrillo o cemento?", "benefici28": "Por tubería, dentro de la vivienda?", "benefici29": " Juntas de Agua/Organizaciones comunitarias/GAD parroquial?", "benefici30": " Inodoro o escusado, conectado a pozo séptico?", "benefici31": 8, "benefici32": 3, "benefici33": 1, "benefici34": 1, "benefici35": "HENRY BLADIMIR CASTILLO GONZALES", "benefici36": 53, "benefici37": "3er. Año de Bachillerato (6to. Curso sistema anterior)", "benefici38": "Sí", "benefici39": " Mestiza" }, "geometry": { "type": "Point", "coordinates": [ -79.131850146086634, -1.531819518860777 ] } },
{ "type": "Feature", "properties": { "id": 3346, "beneficiar": "Proyecto Guaranda", "benefici_1": "2025-07-04", "benefici_2": "BOLIVAR", "benefici_3": "GUARANDA", "benefici_4": "ÁNGEL POLIBIO CHÁVES", "benefici_5": "CHALATA BAJO", "benefici_6": "Rural", "benefici_7": "Sí", "benefici_8": 16, "benefici_9": "Sí", "benefici10": 25, "benefici11": "3er. Año de Bachillerato (6to. Curso sistema anterior)", "benefici12": 0, "benefici13": null, "benefici14": 0, "benefici15": "No", "benefici16": 1, "benefici17": 0, "benefici18": "No", "benefici19": 58.9, "benefici20": 150, "benefici21": 26, "benefici22": "Sobre peso", "benefici23": "Sí", "benefici24": "Bono Infancia con Futuro (1000 días)", "benefici25": "Sí", "benefici26": "Adobe o tapia?", "benefici27": "Tierra?", "benefici28": "Por tubería, dentro de la vivienda?", "benefici29": " Juntas de Agua/Organizaciones comunitarias/GAD parroquial?", "benefici30": " Inodoro o escusado, conectado a pozo séptico?", "benefici31": 5, "benefici32": 2, "benefici33": 0, "benefici34": 0, "benefici35": "MARIA LOURDES GUAMBUGUETE LLUMITAXI", "benefici36": 25, "benefici37": "3er. Año de Bachillerato (6to. Curso sistema anterior)", "benefici38": "Sí", "benefici39": " Indígena" }, "geometry": { "type": "Point", "coordinates": [ -79.090012038414997, -1.495439782748283 ] } },
{ "type": "Feature", "properties": { "id": 3347, "beneficiar": "Proyecto Guaranda", "benefici_1": "2025-07-04", "benefici_2": "BOLIVAR", "benefici_3": "GUARANDA", "benefici_4": "ÁNGEL POLIBIO CHÁVES", "benefici_5": "JOYOCOTO", "benefici_6": "Rural", "benefici_7": "Sí", "benefici_8": 13, "benefici_9": "Sí", "benefici10": 26, "benefici11": "3er. Año de Bachillerato (6to. Curso sistema anterior)", "benefici12": 0, "benefici13": null, "benefici14": 0, "benefici15": "No", "benefici16": 1, "benefici17": 0, "benefici18": "No", "benefici19": 52.0, "benefici20": 156, "benefici21": 21, "benefici22": "Normal", "benefici23": "Sí", "benefici24": "Bono de Desarrollo Humano", "benefici25": "Sí", "benefici26": "Ladrillo o bloque?", "benefici27": "Cerámica, baldosa, vinil o porcelanato?", "benefici28": "Por tubería, fuera de la vivienda pero dentro del edificio, lote o terreno?", "benefici29": " Juntas de Agua/Organizaciones comunitarias/GAD parroquial?", "benefici30": " Inodoro o escusado, conectado a pozo séptico?", "benefici31": 3, "benefici32": 2, "benefici33": 1, "benefici34": 1, "benefici35": "MARIA CRISTINA GUANO ANDAGANA", "benefici36": 26, "benefici37": "3er. Año de Bachillerato (6to. Curso sistema anterior)", "benefici38": "Sí", "benefici39": " Mestiza" }, "geometry": { "type": "Point", "coordinates": [ -79.0915447258255, -1.538104229078934 ] } },
{ "type": "Feature", "properties": { "id": 3424, "beneficiar": "Proyecto Guaranda", "benefici_1": "2025-07-11", "benefici_2": "BOLIVAR", "benefici_3": "GUARANDA", "benefici_4": "ÁNGEL POLIBIO CHÁVES", "benefici_5": "EL DORADO", "benefici_6": "Urbano", "benefici_7": "Sí", "benefici_8": 26, "benefici_9": "No", "benefici10": 37, "benefici11": "6to. Año de Educación General Básica – EGB (5to. Grado sistema anterior)", "benefici12": 0, "benefici13": null, "benefici14": 0, "benefici15": "No", "benefici16": 1, "benefici17": 0, "benefici18": "No", "benefici19": 61.0, "benefici20": 142, "benefici21": 30, "benefici22": "Obesidad", "benefici23": "No", "benefici24": null, "benefici25": "Sí", "benefici26": "Ladrillo o bloque?", "benefici27": "Ladrillo o cemento?", "benefici28": "Por tubería, fuera de la vivienda pero dentro del edificio, lote o terreno?", "benefici29": " Juntas de Agua/Organizaciones comunitarias/GAD parroquial?", "benefici30": " Inodoro o escusado, conectado a pozo séptico?", "benefici31": 3, "benefici32": 2, "benefici33": 0, "benefici34": 0, "benefici35": "BERTHA ISABEL FOGACHO SISA", "benefici36": 37, "benefici37": "6to. Año de Educación General Básica – EGB (5to. Grado sistema anterior)", "benefici38": "No", "benefici39": " Indígena" }, "geometry": { "type": "Point", "coordinates": [ -79.161684872483761, -1.529738584841561 ] } },
{ "type": "Feature", "properties": { "id": 3430, "beneficiar": "Proyecto Guaranda", "benefici_1": "2025-07-04", "benefici_2": "BOLIVAR", "benefici_3": "GUARANDA", "benefici_4": "ÁNGEL POLIBIO CHÁVES", "benefici_5": "PRIMERO DE MAYO", "benefici_6": "Urbano", "benefici_7": "Sí", "benefici_8": 30, "benefici_9": "No", "benefici10": 41, "benefici11": "3er. Año de Bachillerato (6to. Curso sistema anterior)", "benefici12": 0, "benefici13": null, "benefici14": 0, "benefici15": "No", "benefici16": 2, "benefici17": 0, "benefici18": "Sí", "benefici19": 58.0, "benefici20": 152, "benefici21": 25, "benefici22": "Sobre peso", "benefici23": "No", "benefici24": null, "benefici25": "No", "benefici26": "Ladrillo o bloque?", "benefici27": "Ladrillo o cemento?", "benefici28": "Por tubería, fuera de la vivienda pero dentro del edificio, lote o terreno?", "benefici29": " Juntas de Agua/Organizaciones comunitarias/GAD parroquial?", "benefici30": " Inodoro o escusado, conectado a pozo séptico?", "benefici31": 5, "benefici32": 2, "benefici33": 0, "benefici34": 0, "benefici35": "HOLER RAUL YAZUMA", "benefici36": 55, "benefici37": "7mo. Año de Educación General Básica – EGB (6to. Grado sistema anterior)", "benefici38": "Sí", "benefici39": " Mestiza" }, "geometry": { "type": "Point", "coordinates": [ -79.183141719758311, -1.532390641196506 ] } },
{ "type": "Feature", "properties": { "id": 3431, "beneficiar": "Proyecto Guaranda", "benefici_1": "2025-07-11", "benefici_2": "BOLIVAR", "benefici_3": "GUARANDA", "benefici_4": "ÁNGEL POLIBIO CHÁVES", "benefici_5": "EL CORTIJO", "benefici_6": "Urbano", "benefici_7": "Sí", "benefici_8": 17, "benefici_9": "Sí", "benefici10": 20, "benefici11": "3er. Año de Bachillerato (6to. Curso sistema anterior)", "benefici12": 0, "benefici13": null, "benefici14": 0, "benefici15": "No", "benefici16": 0, "benefici17": 0, "benefici18": "No", "benefici19": 45.5, "benefici20": 154, "benefici21": 19, "benefici22": "Normal", "benefici23": "Sí", "benefici24": "Bono Infancia con Futuro (1000 días)", "benefici25": "Sí", "benefici26": "Hormigón?", "benefici27": "Ladrillo o cemento?", "benefici28": "Por tubería, dentro de la vivienda?", "benefici29": " Juntas de Agua/Organizaciones comunitarias/GAD parroquial?", "benefici30": " Inodoro o escusado, conectado a pozo séptico?", "benefici31": 2, "benefici32": 1, "benefici33": 0, "benefici34": 0, "benefici35": "PAULINA JUDTIH GUAILLA LEMA", "benefici36": 20, "benefici37": "3er. Año de Bachillerato (6to. Curso sistema anterior)", "benefici38": "Sí", "benefici39": " Mestiza" }, "geometry": { "type": "Point", "coordinates": [ -79.070104577508289, -1.518070286772728 ] } },
{ "type": "Feature", "properties": { "id": 3344, "beneficiar": "Proyecto Guaranda", "benefici_1": "2025-07-04", "benefici_2": "BOLIVAR", "benefici_3": "GUARANDA", "benefici_4": "ÁNGEL POLIBIO CHÁVES", "benefici_5": "CHALATA ALTO", "benefici_6": "Rural", "benefici_7": "Sí", "benefici_8": 20, "benefici_9": "Sí", "benefici10": 30, "benefici11": "3er. Año de Bachillerato (6to. Curso sistema anterior)", "benefici12": 0, "benefici13": null, "benefici14": 0, "benefici15": "No", "benefici16": 2, "benefici17": 0, "benefici18": "No", "benefici19": 54.6, "benefici20": 156, "benefici21": 22, "benefici22": "Normal", "benefici23": "Sí", "benefici24": "Bono Infancia con Futuro (1000 días)", "benefici25": "Sí", "benefici26": "Ladrillo o bloque?", "benefici27": "Ladrillo o cemento?", "benefici28": "Por tubería, fuera de la vivienda pero dentro del edificio, lote o terreno?", "benefici29": " Juntas de Agua/Organizaciones comunitarias/GAD parroquial?", "benefici30": " Inodoro o escusado, conectado a pozo séptico?", "benefici31": 4, "benefici32": 1, "benefici33": 1, "benefici34": 1, "benefici35": "CRISTINA ELIZABETH BORJA BARRAGAN", "benefici36": 30, "benefici37": "3er. Año de Bachillerato (6to. Curso sistema anterior)", "benefici38": "Sí", "benefici39": " Mestiza" }, "geometry": { "type": "Point", "coordinates": [ -79.085842852575567, -1.474894695677809 ] } },
{ "type": "Feature", "properties": { "id": 3426, "beneficiar": "Proyecto Guaranda", "benefici_1": "2025-07-11", "benefici_2": "BOLIVAR", "benefici_3": "GUARANDA", "benefici_4": "ÁNGEL POLIBIO CHÁVES", "benefici_5": "AV. LA PRENSA", "benefici_6": "Urbano", "benefici_7": "Sí", "benefici_8": 22, "benefici_9": "No", "benefici10": 31, "benefici11": "3er. Año de Bachillerato (6to. Curso sistema anterior)", "benefici12": 0, "benefici13": null, "benefici14": 0, "benefici15": "No", "benefici16": 2, "benefici17": 0, "benefici18": "No", "benefici19": 74.3, "benefici20": 152, "benefici21": 32, "benefici22": "Obesidad", "benefici23": "No", "benefici24": null, "benefici25": "No", "benefici26": "Ladrillo o bloque?", "benefici27": "Ladrillo o cemento?", "benefici28": "Por tubería, fuera de la vivienda pero dentro del edificio, lote o terreno?", "benefici29": " Juntas de Agua/Organizaciones comunitarias/GAD parroquial?", "benefici30": " Inodoro o escusado, conectado a pozo séptico?", "benefici31": 4, "benefici32": 2, "benefici33": 2, "benefici34": 2, "benefici35": "JAVIER CHILENO", "benefici36": 31, "benefici37": "3er. Año de Bachillerato (6to. Curso sistema anterior)", "benefici38": "No", "benefici39": " Mestiza" }, "geometry": { "type": "Point", "coordinates": [ -79.092618330777697, -1.507556287913661 ] } },
{ "type": "Feature", "properties": { "id": 3423, "beneficiar": "Proyecto Guaranda", "benefici_1": "2025-07-11", "benefici_2": "BOLIVAR", "benefici_3": "GUARANDA", "benefici_4": "ÁNGEL POLIBIO CHÁVES", "benefici_5": "EL DORADO", "benefici_6": "Urbano", "benefici_7": "Sí", "benefici_8": 20, "benefici_9": "No", "benefici10": 20, "benefici11": "3er. Año de Bachillerato (6to. Curso sistema anterior)", "benefici12": 0, "benefici13": null, "benefici14": 0, "benefici15": "No", "benefici16": 0, "benefici17": 0, "benefici18": "No", "benefici19": 51.4, "benefici20": 152, "benefici21": 22, "benefici22": "Normal", "benefici23": "No", "benefici24": null, "benefici25": "No", "benefici26": "Hormigón?", "benefici27": "Cerámica, baldosa, vinil o porcelanato?", "benefici28": "Por tubería, dentro de la vivienda?", "benefici29": " Juntas de Agua/Organizaciones comunitarias/GAD parroquial?", "benefici30": " Inodoro o escusado, conectado a pozo séptico?", "benefici31": 5, "benefici32": 5, "benefici33": 0, "benefici34": 0, "benefici35": "KATY LETICIA MOPOSITA CHIMBORAZO", "benefici36": 37, "benefici37": "7mo. Año de Educación General Básica – EGB (6to. Grado sistema anterior)", "benefici38": "Sí", "benefici39": " Mestiza" }, "geometry": { "type": "Point", "coordinates": [ -79.118821454438105, -1.466495583832421 ] } }
]
}
